index,created at,text,sentiment,subjectivity,class
0,29/4/2018 4:26,"Suami ckp smlm masa Solat Jumaat

Habis solat, Imam baca doa.

Dah elok bahasa Arab, tiba - tiba..

?Ya Allah, bantulah D?",0,0,1
2,29/4/2018 4:26,"Semua benda nak large sweeping changes immediately, nak ideal conditions baru nak sokong. We can't even change the ruling?",0.557142857,0.714285714,1
3,29/4/2018 4:26,"BN UMNO pun sama...kata harga barang tak naik lepas GST, tapi tak dapat kawal harga? Sah penipu Najib ni",0,0,0
4,29/4/2018 4:26,With army kids at Batu 10 barrack outside Kuantan . All sporting same hairstyle awaiting Mr Najib?s arrival .  The Pekan inc?,0,0.0875,1
5,29/4/2018 4:25,"Many youngsters failed to realized that in order to earn better or get a promotion, u need to log in the hard work first.?",0.052083333,0.460416667,1
7,29/4/2018 4:25,A bunch of fans were hauled away by the cops for fighting at the KLFA Stadium carpark after the #SELvNS match. One mat?,0,0,1
8,29/4/2018 4:25,Pembangkang licik lari ke tempat selamat - PM Najib - https//t.co/3kVm36ioIK #therakyat,0,0,1
9,29/4/2018 4:25,Kenapa pula camtu. Korang maafkan tun mahathir sampai nak letak dia jadi PM boleh aje.  Sekurang2nya letaklah najib jadi TPM. Muhyiddin korang letak jadi menteri kewangan. Zahid biar stay kat KDN.... tul tak. Baru betul memaafkan... ye dak?,0,0,0
10,29/4/2018 4:25,"Najib kata saya tak buat apa-apa pembangunan semasa saya jadi PM ? 

Saya setuju dengan dia.

Ini jawapan saya. https/?",0,0,0
11,29/4/2018 4:24,Bloomberg Businessweek?s Najib cover is a masterpiece of layout design journalism. https//t.co/4U3zR5VVHp,0,0,0
12,29/4/2018 4:24,"Sensing a renewed Pakatan Harapan (Harapan) coalition challenge under the leadership of Dr Mahathir Mohamad, caretaker?",0,0,0
14,29/4/2018 4:24,"Yang penting Najib bangga.

https//t.co/H3x3CdheNY",0,0,1
15,29/4/2018 4:24,?Saya tidak mahu menggunakan nama Islam pada parti Islam saya kerana tidak mahu kelemahan parti saya dilihat sebagai kelem?,0,0,1
16,29/4/2018 4:24,"ON DAY 2, MAHATHIR LEAVES NAJIB FURTHER BEHIND IN FIGHT FOR HEARTS &amp; MINDS OF MALAYSIANS WILY EX-PM APPEARS IN EMOTIONA?",-0.2,0.6,0
17,29/4/2018 4:24,"#undinegaraku Drama minta simpati. Kedai roti lingkup la, ada orang sabotaj la. Pasal pesawat kena sabotaj tu, rupanya tayar?",0,0,0
18,29/4/2018 4:23,Yg najib skrg ni salah dia buat ttp mata je ke?,0,0,0
21,29/4/2018 4:23,Maruah dalam poket Najib.,0,0,0
23,29/4/2018 4:23,"I want PH to win cos;
1)Only way to get to the bottom of the 1MDB story.
2)Review of Najib's megaprojects can give us bett?",0.8,0.4,0
25,29/4/2018 4:22,Brahim dah tak boleh bawa masuk Australia guys. Please take note. https//t.co/8Mg3siC5nG,0,0,1
26,29/4/2018 4:22,Sebab tu PRU 14 ni kita kena tolak UMNO dan PAS. Satu parti mainkan isu sentimen perkauman. Satu parti lagi mainkan isu se?,0,0,0
29,29/4/2018 4:21,"Ini bukan isu real politik atau taktikal. Bila SPR sebagai pengadil berat sebelah, demokrasi tempang.

Negara kita adalah n?",0.2,0.3,0
32,29/4/2018 4:20,"Tun M awalý dah jangka benda ni jdi. Dlm ucapan beliau sblm ni, ""Najib akan beli caloný Pakatan""",0,0,0
34,29/4/2018 4:19,"SISTEM PENDIDIKAN NEGARA DEKAT DI HATI NAJIB RAZAK,ÿPM https//t.co/szYT6kn2sr https//t.co/mAecKRYx5m",0,0,1
37,29/4/2018 4:19,"Kalau kau kecewa dengan Najib Razak. 

Kalau kau kecewa dengan keadaan Malaysia sekarang ni.

JANGANLAH UNDI PARTI PAS

#GE14",0,0,0
41,29/4/2018 4:18,"Last election, the narrative used by BN folks to placate the angry public was that GE13 would be Najib's last election. Th?",-0.125,0.3,0
43,29/4/2018 4:17,"Ni ke cara Najib berkempen?Macam kempen ketua darjah sekolah rendah jer guna taktik hina pihak lawan.Oh ya lah,?",0,0,0
44,29/4/2018 4:17,"Pegangan BN adalah supaya calon yang dipilih mampu terus membawa suara dan kepentingan rakyat, dan untuk mereka diadili oleh pengundi atas khidmat jasa mereka sepanjang menjadi wakil rakyat berbeza dengan... https//t.co/ST3zC2QZ5l",0,0,1
46,29/4/2018 4:17,"The problem with Opposition today

1) U only present urself as alternate to BN. U dont give voters a POSITIVE REASON to vote?",0.056818182,0.386363636,1
51,29/4/2018 4:16,Era Perubahan Parlimen Ketereh di Zaman Datuk Seri Najib Tun Razak https//t.co/WOGHngM1yh via,0,0,1
56,29/4/2018 4:15,"Too far-fetch to expect Umno to push Najib out of the party after GE, but watch out when Zahid is sidelined, H20 and SSK get?",0,0,1
57,29/4/2018 4:15,Najib serah borang pencalonan PRU14 https//t.co/fril5P3lXV https//t.co/3TEEP6zhZD,0,0,1
58,29/4/2018 4:14,Najib Ullah,0,0,1
59,29/4/2018 4:14,Hahahaha cakap dgn cermin ke DS Najib? Siapa yg kuat spin ckp pusing lakon sana sini,0.2,0.5,0
64,29/4/2018 4:13,Saya setia bersama Pekan ? Najib https//t.co/ySp7qgh18Y https//t.co/U8TlY0Q5eI,0,0,1
67,29/4/2018 4:13,"Najib Tekad Terus Bela, Perkasa Golongan Pesawah https//t.co/xCTPMPFJIQ https//t.co/vOa1fUsZjk",0,0,1
68,29/4/2018 4:13,Replace Najib with Tok Mat of Negeri Sembilan. Easy win for BN.,0.616666667,0.616666667,1
75,29/4/2018 4:12,"Semalam bila aku tengok orang BN yang datang kat rumah pakcik aku, lepastu kawan kawan lain datang dan bahan diorang ?wey b?",0,0,1
76,29/4/2018 4:12,"DATUK SERI NAJIB UCAP TERIMA KASIH KEPADA PETUGAS, ANGGOTA KESELAMATAN HARI PENAMAAN CALON
#PRU14
#MalaysiaMengundi
#YangSah?",0,0,1
81,29/4/2018 4:09,Najib is literally promising flying cars now. https//t.co/X3pV3Oty4f,0.2,0.5,0
87,29/4/2018 4:08,"SISTEM PENDIDIKAN NEGARA DEKAT DI HATI NAJIB RAZAK,ÿPM https//t.co/szYT6kn2sr https//t.co/mAecKRYx5m",0,0,1
88,29/4/2018 4:08,"Jgn risau, bro. Kalo DAP pun PAS xmau, apatahlagi BN. 

Tapi yg patut korang risau adalah Tun M.?",0,0,1
91,29/4/2018 4:06,You are representing your party. Samalah macam orang tak suka Najib dan tolak BN.  Aduh simple je benda ni jangan rumitkan.,0,0.357142857,0
94,29/4/2018 4:06,"Dulu PRU hadapi masalah blackout.

Kali ini, PRU hadapi masalah IC.

Najib amat pandai sekali. Nak menang tanpa bertanding. Ini lah sikap BN. https//t.co/bbDt6mPqd4",0,0,0
95,29/4/2018 4:06,blast from the past Najib's 1MDB (1 More D^4 Bloody Bastard Blogger). https//t.co/AdzptXS6PJ,-0.183333333,0.55,0
96,29/4/2018 4:05,Aku sedih la siapa yang buat fake account semata-mata nak backup najib,-0.5,1,0
98,29/4/2018 4:05,"Since 2010  has been running $378b deficit budget PLUS (I bet u didn't know this) $97b in Supp Budgets. Under Tun &amp; AAB, PMO budgets were tops RM4b, Najib's average $16b (slush fund). With so much fat to cut, yr &amp; my grandmothers wud know where to take d knife to! https//t.co/hQgs5YLqWm",0.05,0.3,0
99,29/4/2018 4:05,Due to  Najib &amp; Felda Chairman Shahrir forcing investment in crony Pe?,-0.125,0.375,0
101,Sun Apr 29 04:27:45 +0000 2018,b'RT @Fred9Fareed: Sebab tu PRU 14 ni kita kena tolak UMNO dan PAS. Satu parti mainkan isu sentimen perkauman. Satu parti lagi mainkan isu se',0,0,0
101,Sun Apr 29 04:28:03 +0000 2018,b'RT @Fred9Fareed: Sebab tu PRU 14 ni kita kena tolak UMNO dan PAS. Satu parti mainkan isu sentimen perkauman. Satu parti lagi mainkan isu se',0,0,0
101,Sun Apr 29 04:28:16 +0000 2018,"b'My answer to Can show me proof as a PM, what Tun.Dr, Mahathir and PM Najib Razak have contributed to the Indian com https://t.co/7RAAOgK4r0'",0,0,1
101,Sun Apr 29 04:28:21 +0000 2018,"b""RT @warabiyah: Pandikar will be speaker again if BN wins. And cabinet will be same old fat corrupted Najib's baruahs. I don't want that. So""",0.133333333,0.175,0
101,Sun Apr 29 04:28:55 +0000 2018,"b'RT @sabatinidzue: Suami ckp smlm masa Solat Jumaat\n\nHabis solat, Imam baca doa.\n\nDah elok bahasa Arab, tiba - tiba..\n\nYa Allah, bantulah D'",0,0,1
101,Sun Apr 29 04:28:56 +0000 2018,b'RT @the50d: Hi! Sy merupakan graduan medical line tajaan JPA yg kini menganggur hampir 2 tahun. Bkn sy sorang je hampir 4 ribu kwn2 satu co',0,0,0
101,Sun Apr 29 04:29:05 +0000 2018,"b'RT @hanimomo: Too far-fetch to expect Umno to push Najib out of the party after GE, but watch out when Zahid is sidelined, H20 and SSK get'",0,0,1
101,Sun Apr 29 04:29:06 +0000 2018,b'RT @manivarman1204: Those who talk so big about BN and Najib. Think twice before you vote https://t.co/GLfRzJGkhZ',0,0.1,0
101,Sun Apr 29 04:29:19 +0000 2018,"b'@FaridZamri @NajibRazak Kerje ko hebat. Najib bangga negara kononnya bagus, ekonomi terbaik.. pendapatan rakyat men https://t.co/5pJ56dyhOh'",0,0,1
101,Sun Apr 29 04:29:23 +0000 2018,"b""RT @khalidkarim: I want PH to win cos;\n1)Only way to get to the bottom of the 1MDB story.\n2)Review of Najib's megaprojects can give us bett""",0.8,0.4,0
101,Sun Apr 29 04:29:27 +0000 2018,b'Same here...\n#Truth  https://t.co/rWyAaXpjka',0,0.125,0
101,Sun Apr 29 04:29:32 +0000 2018,"b""RT @amirhimself: Last election, the narrative used by BN folks to placate the angry public was that GE13 would be Najib's last election. Th""",-0.125,0.3,0
101,Sun Apr 29 04:29:46 +0000 2018,"b'I will remain loyal to Pekan, says Najib #GE14 #MalaysiMemilih https://t.co/sSzxHsy0VN'",0.333333333,0.833333333,1
101,Sun Apr 29 04:29:58 +0000 2018,b'@bukanaimantino @sarinahhh98 @SokanMalaya07 @Khairykj @jaiothman @rafiziramli @chedetofficial X kn jwp punya..puli. https://t.co/0w8ibVJkqw',0,0,0
101,Sun Apr 29 04:30:25 +0000 2018,b'Jatuh kan najib sahaja..klu dia masih memerintah..duit akan jatuh lagi..kos hidup akan tggi..nak beli RUMAH..jangan harapp lahh siall',0,0,0
101,Sun Apr 29 04:30:34 +0000 2018,"b""RT @khalidkarim: I want PH to win cos;\n1)Only way to get to the bottom of the 1MDB story.\n2)Review of Najib's megaprojects can give us bett""",0.8,0.4,0
101,Sun Apr 29 04:30:40 +0000 2018,b'RT @Actor_Vivek: Wrong news! Some one replaced the photo. It was originally Dr.Tun.M pic only. I m not a politician. But just a fan of Dr.M',-0.083333333,0.883333333,0
101,Sun Apr 29 04:31:35 +0000 2018,"b'RT @Abam_Win: #undinegaraku Drama minta simpati. Kedai roti lingkup la, ada orang sabotaj la. Pasal pesawat kena sabotaj tu, rupanya tayar'",0,0,0
101,Sun Apr 29 04:31:53 +0000 2018,"b""RT @amirhimself: Last election, the narrative used by BN folks to placate the angry public was that GE13 would be Najib's last election. Th""",-0.125,0.3,0
101,Sun Apr 29 04:31:54 +0000 2018,"b'@FaridZamri @NajibRazak Sejak bila aku maki hamun Najib? Bg satu ayat, mana yg aku maki hamun najib? Aku cuma kata https://t.co/d8KwcLZhUy'",0,0,0
101,Sun Apr 29 04:32:13 +0000 2018,b'@NajibRazak memang tidak ku salah sangka.. engkau najib mempunyai hati yang sungguh busuk akibat dari terlalu banya https://t.co/ZEDPyBjoIp',0,0,0
101,Sun Apr 29 04:32:15 +0000 2018,b'RT @BintangRamah: @NajibRazak Kesilapan Tun paling besar ialah naikkan DS najib..',0,0,0
101,Sun Apr 29 04:32:27 +0000 2018,"b'RT @SumishaCNA: Chants of ""Reformasi"" as Pakatan &amp; Dr Mahathir supporters arrive at nomination centre. ""Reformasi"" means ""reformation"". But'",0,0,0
101,Sun Apr 29 04:32:27 +0000 2018,b'RT @TheRakyatRasmi: Pembangkang licik lari ke tempat selamat - PM Najib - https://t.co/3kVm36ioIK #therakyat',0,0,1
101,Sun Apr 29 04:32:35 +0000 2018,"b'RT @NaezaFinaz: @NajibRazak Ni ke cara Najib berkempen?Macam kempen ketua darjah sekolah rendah jer guna taktik hina pihak lawan.Oh ya lah,'",0,0,0
101,Sun Apr 29 04:32:36 +0000 2018,b'@aishasbrdn Modal Najib ni Aishah...dah terkepit...',0,0,0
101,Sun Apr 29 04:32:48 +0000 2018,"b'RT @TheDukeofKL: Sejarah Hitam YB Khairy Jamaluddin Yang Tidak Diketahui Ramai\n\n1. Selepas kekalahan teruk BN dlm PRU12 pd 2008, berlaku de'",0,0,0
101,Sun Apr 29 04:33:03 +0000 2018,b'RT @napiez: Im gonna put my expectations low. BN to lose enough seats for UMNO to push Najib out. BN to win Ktan but lose Johor.',0.266666667,0.4,0
101,Sun Apr 29 04:33:30 +0000 2018,"b'RT @MsiaChronicle: PAKATAN BOUNCES BACK - FIRST NIGHT, MALAYSIA ALREADY FIRED UP: TENS OF THOUSANDS PACK PENANG TO HEAR GUAN ENG, MARINA MA'",0.125,0.166666667,0
101,Sun Apr 29 04:33:43 +0000 2018,"b'@mkabmr @niknazmi @zulhasnan118 Itu Najib Razak. BN memang mcm tu, dah masuk tipu macam2 last last kata dah pulangkan balik. Hahaha'",0.066666667,0.177777778,0
101,Sun Apr 29 04:33:49 +0000 2018,"b'RT @sabatinidzue: Suami ckp smlm masa Solat Jumaat\n\nHabis solat, Imam baca doa.\n\nDah elok bahasa Arab, tiba - tiba..\n\nYa Allah, bantulah D'",0,0,1
101,Sun Apr 29 04:33:53 +0000 2018,b'RT @Fred9Fareed: Sebab tu PRU 14 ni kita kena tolak UMNO dan PAS. Satu parti mainkan isu sentimen perkauman. Satu parti lagi mainkan isu se',0,0,0
101,Sun Apr 29 04:34:17 +0000 2018,"b""RT @khalidkarim: I want PH to win cos;\n1)Only way to get to the bottom of the 1MDB story.\n2)Review of Najib's megaprojects can give us bett""",0.8,0.4,0
101,Sun Apr 29 04:34:19 +0000 2018,"b'RT @NaezaFinaz: @NajibRazak Ni ke cara Najib berkempen?Macam kempen ketua darjah sekolah rendah jer guna taktik hina pihak lawan.Oh ya lah,'",0,0,0
101,Sun Apr 29 04:34:29 +0000 2018,b'@iamharizshah @chedetofficial Abislah Najib tahu kena tebanglah nanti!!Kenapa beritahu..hmm..',0,0,0
101,Sun Apr 29 04:34:36 +0000 2018,b'RT @Fred9Fareed: Sebab tu PRU 14 ni kita kena tolak UMNO dan PAS. Satu parti mainkan isu sentimen perkauman. Satu parti lagi mainkan isu se',0,0,0
101,Sun Apr 29 04:34:48 +0000 2018,b'RT @Fred9Fareed: Sebab tu PRU 14 ni kita kena tolak UMNO dan PAS. Satu parti mainkan isu sentimen perkauman. Satu parti lagi mainkan isu se',0,0,0
101,Sun Apr 29 04:35:18 +0000 2018,"b'RT @TheDukeofKL: Sejarah Hitam YB Khairy Jamaluddin Yang Tidak Diketahui Ramai\n\n1. Selepas kekalahan teruk BN dlm PRU12 pd 2008, berlaku de'",0,0,0
101,Sun Apr 29 04:36:12 +0000 2018,"b'RT @faiizmdnoor: @mirchigo_ @ABGKYO Betapa teruknya najib sampai dia sanggup jilat balik ludah dia, see that way bro, how hard pemerintahan'",-0.291666667,0.541666667,0
101,Sun Apr 29 04:36:13 +0000 2018,b'RT @TheRakyatRasmi: Pembangkang licik lari ke tempat selamat - PM Najib - https://t.co/3kVm36ioIK #therakyat',0,0,1
101,Sun Apr 29 04:36:25 +0000 2018,"b'RT @SumishaCNA: Chants of ""Reformasi"" as Pakatan &amp; Dr Mahathir supporters arrive at nomination centre. ""Reformasi"" means ""reformation"". But'",0,0,0
101,Sun Apr 29 04:36:47 +0000 2018,b'Pekan incumbent Najib Razak urges army personnel to join him in the fight against fake news . Mr Najib is https://t.co/sruit6jyz9',-0.5,1,1
101,Sun Apr 29 04:36:49 +0000 2018,"b'RT @syahredzan: Untuk PRU ini, walau parti manapun yang anda sokong, jika anda mahu lihat kerajaan baru, anda kena undi calon PH.\n\nSbg seor'",0,0,0
101,Sun Apr 29 04:37:02 +0000 2018,b'RT @Fred9Fareed: Sebab tu PRU 14 ni kita kena tolak UMNO dan PAS. Satu parti mainkan isu sentimen perkauman. Satu parti lagi mainkan isu se',0,0,0
101,Sun Apr 29 04:37:18 +0000 2018,b'Tun&gt;Najib https://t.co/ZdjG5WW63t',0,0,1
101,Sun Apr 29 04:37:38 +0000 2018,b'RT @RizaTann: The problem with Opposition today:\n\n1) U only present urself as alternate to BN. U dont give voters a POSITIVE REASON to vote',0.056818182,0.386363636,1
101,Sun Apr 29 04:37:46 +0000 2018,b'Tahniah @relamalaysia !! https://t.co/qDTUpkTPBU',0,0,1
101,Sun Apr 29 04:37:47 +0000 2018,b'RT @firdyfire: ATTN: @mpkotabelud .. Jibby bitching about you bro? Larian Kotabelud - Sepanggar. https://t.co/gOkdVGKauH',0,0,0
101,Sun Apr 29 04:38:14 +0000 2018,b'RT @Fred9Fareed: Sebab tu PRU 14 ni kita kena tolak UMNO dan PAS. Satu parti mainkan isu sentimen perkauman. Satu parti lagi mainkan isu se',0,0,0
101,Sun Apr 29 04:38:19 +0000 2018,"b'RT @TheDukeofKL: Sejarah Hitam YB Khairy Jamaluddin Yang Tidak Diketahui Ramai\n\n1. Selepas kekalahan teruk BN dlm PRU12 pd 2008, berlaku de'",0,0,0
101,Sun Apr 29 04:38:56 +0000 2018,"b'@walid_joe Sb pengundi cina bijak2 la dia undi sb dia tau dia boleh makan najib,tun depa xboleh nk makan'",0,0,1
101,Sun Apr 29 04:39:36 +0000 2018,b'RT @ayshardzn: I had to look at Najibs face along the highway from JB to KL. Basically all the Big Tree billboard will either have BN mani',0,0.1,0
101,Sun Apr 29 04:39:44 +0000 2018,"b'Kalau Adnan still calon MB Pahang, aku doakan PH menang kat Pahang. Biar jadi macam Selangor. Macam-macam najib bua https://t.co/rhjjnbOcBg'",0,0,0
101,Sun Apr 29 04:39:55 +0000 2018,b'@kyellz if najib trun! tibah! haha',0.2,0.3,0
101,Sun Apr 29 04:40:00 +0000 2018,"b'RT @sabatinidzue: Suami ckp smlm masa Solat Jumaat\n\nHabis solat, Imam baca doa.\n\nDah elok bahasa Arab, tiba - tiba..\n\nYa Allah, bantulah D'",0,0,1
101,Sun Apr 29 04:40:02 +0000 2018,"b'RT @MsiaChronicle: ON DAY 2, MAHATHIR LEAVES NAJIB FURTHER BEHIND IN FIGHT FOR HEARTS &amp; MINDS OF MALAYSIANS: WILY EX-PM APPEARS IN EMOTIONA'",-0.2,0.6,0
101,Sun Apr 29 04:40:03 +0000 2018,b'RT @chedetofficial: Najib kata saya tak buat apa-apa pembangunan semasa saya jadi PM ? \n\nSaya setuju dengan dia.\n\nIni jawapan saya. https:/',0,0,0
101,Sun Apr 29 04:40:29 +0000 2018,"b'RT @sabatinidzue: Suami ckp smlm masa Solat Jumaat\n\nHabis solat, Imam baca doa.\n\nDah elok bahasa Arab, tiba - tiba..\n\nYa Allah, bantulah D'",0,0,1
101,Sun Apr 29 04:40:52 +0000 2018,"b'RT @tapaimalaya: All we want is a Malaysian government, not a Malay government sprinkled with spices and soy sauce, so you can fuck off and'",-0.4,0.6,0
101,Sun Apr 29 04:40:55 +0000 2018,b'rosy cheek segala https://t.co/dsVyP9xK0W',0,0,1
101,Sun Apr 29 04:40:56 +0000 2018,"b""RT @warabiyah: Pandikar will be speaker again if BN wins. And cabinet will be same old fat corrupted Najib's baruahs. I don't want that. So""",0.133333333,0.175,0
101,Sun Apr 29 04:41:24 +0000 2018,"b'RT @sabatinidzue: Suami ckp smlm masa Solat Jumaat\n\nHabis solat, Imam baca doa.\n\nDah elok bahasa Arab, tiba - tiba..\n\nYa Allah, bantulah D'",0,0,1
101,Sun Apr 29 04:41:35 +0000 2018,b'RT @bongkersz: Yang penting Najib bangga.\n\nhttps://t.co/H3x3CdheNY',0,0,1
101,Sun Apr 29 04:41:42 +0000 2018,b'RT @TheRakyatRasmi: Pembangkang licik lari ke tempat selamat - PM Najib - https://t.co/3kVm36ioIK #therakyat',0,0,1
101,Sun Apr 29 04:41:53 +0000 2018,b'RT @TheRakyatRasmi: Pembangkang licik lari ke tempat selamat - PM Najib - https://t.co/3kVm36ioIK #therakyat',0,0,1
101,Sun Apr 29 04:41:59 +0000 2018,b'RT @NaufalAntezem: Replace Najib with Tok Mat of Negeri Sembilan. Easy win for BN.',0.616666667,0.616666667,0
101,Sun Apr 29 04:42:06 +0000 2018,b'@syahirahamim1 Najib hahaha',0.2,0.4,1
101,Sun Apr 29 04:42:08 +0000 2018,"b'RT @tapaimalaya: All we want is a Malaysian government, not a Malay government sprinkled with spices and soy sauce, so you can fuck off and'",-0.4,0.6,0
101,Sun Apr 29 04:42:14 +0000 2018,"b'RT @sabatinidzue: Suami ckp smlm masa Solat Jumaat\n\nHabis solat, Imam baca doa.\n\nDah elok bahasa Arab, tiba - tiba..\n\nYa Allah, bantulah D'",0,0,1
101,Sun Apr 29 04:42:20 +0000 2018,"b'RT @yipsubri: Kalau Adnan still calon MB Pahang, aku doakan PH menang kat Pahang. Biar jadi macam Selangor. Macam-macam najib buat nak tari'",0,0,0
101,Sun Apr 29 04:42:23 +0000 2018,b'This looks like one of my grumpy instastories https://t.co/CaXETp0Qfs',0,0,0
101,Sun Apr 29 04:42:43 +0000 2018,"b'RT @syahredzan: Untuk PRU ini, walau parti manapun yang anda sokong, jika anda mahu lihat kerajaan baru, anda kena undi calon PH.\n\nSbg seor'",0,0,0
101,Sun Apr 29 04:42:59 +0000 2018,"b""RT @khalidkarim: I want PH to win cos;\n1)Only way to get to the bottom of the 1MDB story.\n2)Review of Najib's megaprojects can give us bett""",0.8,0.4,0
101,Sun Apr 29 04:43:00 +0000 2018,b'RT @chedetofficial: Najib kata saya tak buat apa-apa pembangunan semasa saya jadi PM ? \n\nSaya setuju dengan dia.\n\nIni jawapan saya. https:/',0,0,0
101,Sun Apr 29 04:43:03 +0000 2018,b'harap Najib still PM https://t.co/OtZP31mFZX',0,0,1
101,Sun Apr 29 04:43:07 +0000 2018,b'RT @Actor_Vivek: Wrong news! Some one replaced the photo. It was originally Dr.Tun.M pic only. I m not a politician. But just a fan of Dr.M',-0.083333333,0.883333333,0
101,Sun Apr 29 04:43:17 +0000 2018,"b'if you want younger person to be our PM,can you suggest 1?\nTun M is just a stepping stone for gov change,not necess https://t.co/UBaX1pliAM'",0,0,1
101,Sun Apr 29 04:43:38 +0000 2018,"b'RT @sabatinidzue: Suami ckp smlm masa Solat Jumaat\n\nHabis solat, Imam baca doa.\n\nDah elok bahasa Arab, tiba - tiba..\n\nYa Allah, bantulah D'",0,0,1
101,Sun Apr 29 04:44:01 +0000 2018,"b'Najib: We stick around, they hop around - Free Malaysia Today https://t.co/DW7ZMcQ35s https://t.co/jDA9z7Rcpx'",0.4,0.8,1
101,Sun Apr 29 04:44:05 +0000 2018,b'RT @bongkersz: Yang penting Najib bangga.\n\nhttps://t.co/H3x3CdheNY',0,0,1
101,Sun Apr 29 04:44:08 +0000 2018,b'RT @Fred9Fareed: Sebab tu PRU 14 ni kita kena tolak UMNO dan PAS. Satu parti mainkan isu sentimen perkauman. Satu parti lagi mainkan isu se',0,0,0
101,Sun Apr 29 04:44:24 +0000 2018,b'RT @esshankar1: @sarawak_report @2sayornot2say @FeldaLKTP Due to @PMOMalaysia Najib &amp; Felda Chairman Shahrir forcing investment in crony Pe',-0.125,0.375,0
101,Sun Apr 29 04:44:24 +0000 2018,b'RT @TheRakyatRasmi: Pembangkang licik lari ke tempat selamat - PM Najib - https://t.co/3kVm36ioIK #therakyat',0,0,1
101,Sun Apr 29 04:44:25 +0000 2018,"b'RT @sabatinidzue: Suami ckp smlm masa Solat Jumaat\n\nHabis solat, Imam baca doa.\n\nDah elok bahasa Arab, tiba - tiba..\n\nYa Allah, bantulah D'",0,0,1
101,Sun Apr 29 04:44:33 +0000 2018,b'RT @AriffNizam: Sebarkan ini. \n\nUndi Wee Ka Siong = UNDI NAJIB &amp; ROSMAH. \n\nPangkah KEADILAN. #BinaHarapan https://t.co/VX9tUukMAl',0,0,0
101,Sun Apr 29 04:44:47 +0000 2018,b'@asiahussainn Takde jerawat pulak tu. Patot mintak skincare tips kat najib',0,0,1
101,Sun Apr 29 04:44:53 +0000 2018,b'RT @ZainudinMaidin: Keputusan Nik Omar anak Nik Aziz utk bertanding dikawasan bapanya sebagai calon MB kelantan mengugat dengan parahnya s',0,0,0
101,Sun Apr 29 04:45:03 +0000 2018,b'@__farahx @SyedSaddiq Cina tak boleh memerintah sbb dalam perlembagaan hanya melayu islam je boleh jadi perdana men https://t.co/Bu5ldkwzFQ',0,0,1
101,Sun Apr 29 04:45:23 +0000 2018,"b""RT @adrianlimcheeen: 6 MINGGU BERTURUT-TURUT harga petrol dikekalkan. Paling lama sejak 'float system' diperkenalkan.\n\n(Sejak 22 Mac)\nRon95""",0,0,1
101,Sun Apr 29 04:45:37 +0000 2018,b'RT @TheRakyatRasmi: Pembangkang licik lari ke tempat selamat - PM Najib - https://t.co/3kVm36ioIK #therakyat',0,0,1
101,Sun Apr 29 04:45:44 +0000 2018,b'Kenapa masih ada manusia yang back up Najib untuk skandal skandal yang jelas trang tang tang dalam mata............ https://t.co/6PYfOTgj5A',0,0,0
101,Sun Apr 29 04:45:50 +0000 2018,b'Najib boleh mau lek sat kot.',0,0,0
101,Sun Apr 29 04:46:07 +0000 2018,b'RT @Rah61mad: RT @sweetcakceebo: Media Luar Negara melaporkan Najib Razak sebagai Menteri Kewangan TERBAIK ASIA.. https://t.co/KQGOkXalKQ',0,0,1
101,Sun Apr 29 04:46:22 +0000 2018,"b'RT @sabatinidzue: Suami ckp smlm masa Solat Jumaat\n\nHabis solat, Imam baca doa.\n\nDah elok bahasa Arab, tiba - tiba..\n\nYa Allah, bantulah D'",0,0,1
101,Sun Apr 29 04:46:26 +0000 2018,b'RT @TheRakyatRasmi: Pembangkang licik lari ke tempat selamat - PM Najib - https://t.co/3kVm36ioIK #therakyat',0,0,1
101,Sun Apr 29 04:46:34 +0000 2018,b'RT @Fred9Fareed: Sebab tu PRU 14 ni kita kena tolak UMNO dan PAS. Satu parti mainkan isu sentimen perkauman. Satu parti lagi mainkan isu se',0,0,0
101,Sun Apr 29 04:46:37 +0000 2018,b'RT @amirulruslan: Bloomberg Businessweeks Najib cover is a masterpiece of layout design journalism. https://t.co/4U3zR5VVHp',0,0,0
101,Sun Apr 29 04:46:43 +0000 2018,"b'Thus far, about RM 40 billion has been allocated from 2008 to 2018 to support non-Islamic places of worships. \n\nA v https://t.co/EtQXpZ00Ld'",0.1,1,1
101,Sun Apr 29 04:47:01 +0000 2018,b'RT @LiewChinTong: Now I know the other reason why SPR came out with a rule that only photos of party leaders are allowed. SPR wants to ta',0.025,0.491666667,0
101,Sun Apr 29 04:47:12 +0000 2018,b'Kenapa masih ada manusia yang back up Najib untuk skandal skandal yang jelas trang tang tang depan mata............ https://t.co/pgqGsSQd2Y',0,0,0
101,Sun Apr 29 04:47:16 +0000 2018,b'Malaysias election campaign kicks off.\nNajib leads his undefeated ruling coalition into arguably its toughest elec https://t.co/uZlaFmploN',0,0,0
101,Sun Apr 29 04:47:17 +0000 2018,b'RT @ZamriN9: Najib ke yg bermaruah tu?? https://t.co/rhmMD3bXr7',0,0,0
101,Sun Apr 29 04:47:19 +0000 2018,b'RT @TheRakyatRasmi: Pembangkang licik lari ke tempat selamat - PM Najib - https://t.co/3kVm36ioIK #therakyat',0,0,1
101,Sun Apr 29 04:47:22 +0000 2018,b'@Khairykj yg ni betul ke tak https://t.co/eV4FrC3KS8',0,0,0
101,Sun Apr 29 04:47:41 +0000 2018,"b'RT @tapaimalaya: All we want is a Malaysian government, not a Malay government sprinkled with spices and soy sauce, so you can fuck off and'",-0.4,0.6,0
101,Sun Apr 29 04:47:49 +0000 2018,"b'Thus far, about RM 40 billion has been allocated from 2008 to 2018 to support non-Islamic places of worships. \n\nA v https://t.co/NnnPblKCor'",0.1,1,1
101,Sun Apr 29 04:47:54 +0000 2018,b'RT @TheRakyatRasmi: Pembangkang licik lari ke tempat selamat - PM Najib - https://t.co/3kVm36ioIK #therakyat',0,0,1
101,Sun Apr 29 04:48:08 +0000 2018,"b'RT @hanimomo: Too far-fetch to expect Umno to push Najib out of the party after GE, but watch out when Zahid is sidelined, H20 and SSK get'",0,0,1
101,Sun Apr 29 04:48:14 +0000 2018,b'RT @amirulruslan: Bloomberg Businessweeks Najib cover is a masterpiece of layout design journalism. https://t.co/4U3zR5VVHp',0,0,0
101,Sun Apr 29 04:48:18 +0000 2018,"b'RT @Abam_Win: Najib Dicabar Cucu Tun Ghafar Baba, Pesara Tentera Dan Kontraktor Di Pekan\n#undinegaraku\n#GE14\n#PRU14\n#HebatkanNegaraku'",0,0,1
101,Sun Apr 29 04:48:40 +0000 2018,"b'RT @sabatinidzue: Suami ckp smlm masa Solat Jumaat\n\nHabis solat, Imam baca doa.\n\nDah elok bahasa Arab, tiba - tiba..\n\nYa Allah, bantulah D'",0,0,1
101,Sun Apr 29 04:48:40 +0000 2018,b'Orang kuat najib ni - makpah ',0,0,1
101,Sun Apr 29 04:48:41 +0000 2018,"b'RT @tapaimalaya: All we want is a Malaysian government, not a Malay government sprinkled with spices and soy sauce, so you can fuck off and'",-0.4,0.6,0
101,Sun Apr 29 04:48:49 +0000 2018,"b""RT @warabiyah: Pandikar will be speaker again if BN wins. And cabinet will be same old fat corrupted Najib's baruahs. I don't want that. So""",0.133333333,0.175,0
101,Sun Apr 29 04:49:07 +0000 2018,b'RT @TheRakyatRasmi: Pembangkang licik lari ke tempat selamat - PM Najib - https://t.co/3kVm36ioIK #therakyat',0,0,1
101,Sun Apr 29 04:49:10 +0000 2018,"b'Thus far, about RM 40 billion has been allocated from 2008 to 2018 to support non-Islamic places of worships. \n\nA v https://t.co/YGswGKzusA'",0.1,1,1
101,Sun Apr 29 04:49:26 +0000 2018,b'RT @Actor_Vivek: Wrong news! Some one replaced the photo. It was originally Dr.Tun.M pic only. I m not a politician. But just a fan of Dr.M',-0.083333333,0.883333333,0
101,Sun Apr 29 04:49:30 +0000 2018,b'RT @TheRakyatRasmi: Pembangkang licik lari ke tempat selamat - PM Najib - https://t.co/3kVm36ioIK #therakyat',0,0,1
101,Sun Apr 29 04:49:44 +0000 2018,b'RT @TheRakyatRasmi: Pembangkang licik lari ke tempat selamat - PM Najib - https://t.co/3kVm36ioIK #therakyat',0,0,1
101,Sun Apr 29 04:49:53 +0000 2018,"b'Thus far, about RM 40 billion has been allocated from 2008 to 2018 to support non-Islamic places of worships. \n\nA v https://t.co/0H4ItxiKiK'",0.1,1,1
101,Sun Apr 29 04:49:54 +0000 2018,b'RT @meorizzulhaqim: @shafiq_amin96 @nano_napy @faisalmohd77 @john_saing @chedetofficial Najib keluar BN bermakna dalam lokap lah beliau. Ha',0,0,0
101,Sun Apr 29 04:49:55 +0000 2018,b'RT @Fred9Fareed: Sebab tu PRU 14 ni kita kena tolak UMNO dan PAS. Satu parti mainkan isu sentimen perkauman. Satu parti lagi mainkan isu se',0,0,0
101,Sun Apr 29 04:50:03 +0000 2018,b'RT @Actor_Vivek: Wrong news! Some one replaced the photo. It was originally Dr.Tun.M pic only. I m not a politician. But just a fan of Dr.M',-0.083333333,0.883333333,0
101,Sun Apr 29 04:50:09 +0000 2018,b'RT @amirul_ashrafff: @TengkuRajaAlam1 @chedetofficial at least rakyat tak sakit waktu tun memerintah. najib? anak beranak kaya rakyat tak k',-0.3,0.4,0
101,Sun Apr 29 04:50:10 +0000 2018,b'RT @amirul_ashrafff: @TengkuRajaAlam1 @chedetofficial at least rakyat tak sakit waktu tun memerintah. najib? anak beranak kaya rakyat tak k',-0.3,0.4,0
101,Sun Apr 29 04:50:48 +0000 2018,"b'RT @yipsubri: Kalau Adnan still calon MB Pahang, aku doakan PH menang kat Pahang. Biar jadi macam Selangor. Macam-macam najib buat nak tari'",0,0,0
101,Sun Apr 29 04:50:52 +0000 2018,"b'HALLUCINATE AT YOUR OWN PERIL: GE14 TURNING INTO AN ANTI-CLIMAX, CLAIMS PRO-NAJIB BLOG https://t.co/YsLKI2EDrl'",0.6,1,1
101,Sun Apr 29 04:50:59 +0000 2018,b'RT @meorizzulhaqim: @shafiq_amin96 @nano_napy @faisalmohd77 @john_saing @chedetofficial Najib keluar BN bermakna dalam lokap lah beliau. Ha',0,0,0
101,Sun Apr 29 04:51:04 +0000 2018,b'Lemme rephrase your statement...PM Najib wasted no time to break EC law by announcing some cash handouts which is https://t.co/6zCSPITY7c',-0.2,0,0
101,Sun Apr 29 04:51:19 +0000 2018,"b'RT @shafiq_amin96: @nano_napy @faisalmohd77 @john_saing @chedetofficial okay kita bgi second chance,nanti najib keluar BN,dia mengaku dia s'",0.25,0.25,0
101,Sun Apr 29 04:51:25 +0000 2018,b'RT @meorizzulhaqim: @shafiq_amin96 @nano_napy @faisalmohd77 @john_saing @chedetofficial Najib keluar BN bermakna dalam lokap lah beliau. Ha',0,0,0
101,Sun Apr 29 04:51:32 +0000 2018,b'RT @yindian5: Lemme rephrase your statement...PM Najib wasted no time to break EC law by announcing some cash handouts which is tantamount',-0.2,0,0
101,Sun Apr 29 04:51:40 +0000 2018,b'RT @TheRakyatRasmi: Pembangkang licik lari ke tempat selamat - PM Najib - https://t.co/3kVm36ioIK #therakyat',0,0,1
101,Sun Apr 29 04:51:49 +0000 2018,b'RT @amirul_ashrafff: @TengkuRajaAlam1 @chedetofficial at least rakyat tak sakit waktu tun memerintah. najib? anak beranak kaya rakyat tak k',-0.3,0.4,0
101,Sun Apr 29 04:52:20 +0000 2018,b'RT @TheRakyatRasmi: Pembangkang licik lari ke tempat selamat - PM Najib - https://t.co/3kVm36ioIK #therakyat',0,0,1
101,Sun Apr 29 04:52:33 +0000 2018,"b'RT @tapaimalaya: All we want is a Malaysian government, not a Malay government sprinkled with spices and soy sauce, so you can fuck off and'",-0.4,0.6,0
101,Sun Apr 29 04:52:47 +0000 2018,b'RT @Fred9Fareed: Sebab tu PRU 14 ni kita kena tolak UMNO dan PAS. Satu parti mainkan isu sentimen perkauman. Satu parti lagi mainkan isu se',0,0,0
101,Sun Apr 29 04:52:57 +0000 2018,b'RT @chedetofficial: Najib kata saya tak buat apa-apa pembangunan semasa saya jadi PM ? \n\nSaya setuju dengan dia.\n\nIni jawapan saya. https:/',0,0,0
101,Sun Apr 29 04:53:15 +0000 2018,"b""RT @khalidkarim: I want PH to win cos;\n1)Only way to get to the bottom of the 1MDB story.\n2)Review of Najib's megaprojects can give us bett""",0.8,0.4,0
101,Sun Apr 29 04:53:16 +0000 2018,b'RT @amirulruslan: Bloomberg Businessweeks Najib cover is a masterpiece of layout design journalism. https://t.co/4U3zR5VVHp',0,0,0
101,Sun Apr 29 04:53:16 +0000 2018,b'Democratisation of education provides education access to people: Najib https://t.co/qh3woFW7ht https://t.co/acQJMJ35dR',0,0,1
101,Sun Apr 29 04:53:23 +0000 2018,b'RT @napiez: Im gonna put my expectations low. BN to lose enough seats for UMNO to push Najib out. BN to win Ktan but lose Johor.',0.266666667,0.4,0
101,Sun Apr 29 04:53:39 +0000 2018,"b'RT @sabatinidzue: Suami ckp smlm masa Solat Jumaat\n\nHabis solat, Imam baca doa.\n\nDah elok bahasa Arab, tiba - tiba..\n\nYa Allah, bantulah D'",0,0,1
101,Sun Apr 29 04:53:49 +0000 2018,"b""RT @khalidkarim: I want PH to win cos;\n1)Only way to get to the bottom of the 1MDB story.\n2)Review of Najib's megaprojects can give us bett""",0.8,0.4,0
101,Sun Apr 29 04:53:49 +0000 2018,b'Jenis aku kalau Mahathir tak baik untuk this 5 years tukar la najib balik. Sebab depa akan try hard untuk memuaskan https://t.co/xudVIyhqAh',-0.291666667,0.541666667,0
101,Sun Apr 29 04:54:15 +0000 2018,b'RT @TheRakyatRasmi: Pembangkang licik lari ke tempat selamat - PM Najib - https://t.co/3kVm36ioIK #therakyat',0,0,1
101,Sun Apr 29 04:54:26 +0000 2018,"b'RT @syahredzan: Untuk PRU ini, walau parti manapun yang anda sokong, jika anda mahu lihat kerajaan baru, anda kena undi calon PH.\n\nSbg seor'",0,0,0
101,Sun Apr 29 04:54:27 +0000 2018,b'RT @TheRakyatRasmi: Pembangkang licik lari ke tempat selamat - PM Najib - https://t.co/3kVm36ioIK #therakyat',0,0,1
101,Sun Apr 29 04:54:30 +0000 2018,b'RT @chedetofficial: Najib kata saya tak buat apa-apa pembangunan semasa saya jadi PM ? \n\nSaya setuju dengan dia.\n\nIni jawapan saya. https:/',0,0,0
101,Sun Apr 29 04:54:45 +0000 2018,b'RT @chedetofficial: Najib kata saya tak buat apa-apa pembangunan semasa saya jadi PM ? \n\nSaya setuju dengan dia.\n\nIni jawapan saya. https:/',0,0,0
101,Sun Apr 29 04:54:48 +0000 2018,b'RT @TheRakyatRasmi: Pembangkang licik lari ke tempat selamat - PM Najib - https://t.co/3kVm36ioIK #therakyat',0,0,1
101,Sun Apr 29 04:55:08 +0000 2018,"b""RT @limlipeng: It's official, I'm the parliamentary candidate for Kepong and need your votes to change the Najib's regime! #KitaMestiMenang""",0,0,0
101,Sun Apr 29 04:55:14 +0000 2018,b'RT @bongkersz: Yang penting Najib bangga.\n\nhttps://t.co/H3x3CdheNY',0,0,1
101,Sun Apr 29 04:55:17 +0000 2018,b'RT @deankadeer: @jebat_derhakar aku tanggung hutang yg mahathir buat dah 20 tahun.Byr tol dah 30 tahun.Najib tu anak murid Mahathir.Kau ing',0,0,1
101,Sun Apr 29 04:55:32 +0000 2018,b'RT @Rah61mad: RT @sweetcakceebo: Media Luar Negara melaporkan Najib Razak sebagai Menteri Kewangan TERBAIK ASIA.. https://t.co/GsVghjoMKw',0,0,1
101,Sun Apr 29 04:55:32 +0000 2018,b'RT @amirul_ashrafff: @TengkuRajaAlam1 @chedetofficial at least rakyat tak sakit waktu tun memerintah. najib? anak beranak kaya rakyat tak k',-0.3,0.4,0
101,Sun Apr 29 04:55:43 +0000 2018,b'PRU14: Sering tukar kawasan pembangkang takikhlas-Najib https://t.co/OkrDbbqbI8 https://t.co/j0P2oK58sT',0,0,1
101,Sun Apr 29 04:55:50 +0000 2018,b'RT @Fred9Fareed: Sebab tu PRU 14 ni kita kena tolak UMNO dan PAS. Satu parti mainkan isu sentimen perkauman. Satu parti lagi mainkan isu se',0,0,0
101,Sun Apr 29 04:55:55 +0000 2018,b'RT @bongkersz: Yang penting Najib bangga.\n\nhttps://t.co/H3x3CdheNY',0,0,1
101,Sun Apr 29 04:56:24 +0000 2018,"b'RT @TheDukeofKL: Sejarah Hitam YB Khairy Jamaluddin Yang Tidak Diketahui Ramai\n\n1. Selepas kekalahan teruk BN dlm PRU12 pd 2008, berlaku de'",0,0,0
101,Sun Apr 29 04:56:27 +0000 2018,b'@malaysiakini But I think NAJIB is the best of the best...',1,0.3,1
101,Sun Apr 29 04:56:28 +0000 2018,b'Gelak penyangak  dan penipu https://t.co/uwvbKd9rY1',0,0,0
101,Sun Apr 29 04:57:04 +0000 2018,"b'Wait a minute, tian chua was dq because he used to have a case at court which was settled and najibs name is in in https://t.co/U0urGgLvKR'",0,0,0
101,Sun Apr 29 04:57:11 +0000 2018,b'RT @theSundaily: Democratisation of education provides education access to people: Najib https://t.co/qh3woFW7ht https://t.co/acQJMJ35dR',0,0,1
101,Sun Apr 29 04:57:25 +0000 2018,b'RT @bongkersz: Yang penting Najib bangga.\n\nhttps://t.co/H3x3CdheNY',0,0,1
101,Sun Apr 29 04:57:34 +0000 2018,"b'Retweeted Mohd Najib Tun Razak (@NajibRazak):\n\nSejak pembubaran Parlimen &amp; pelancaran #ManifestoBN, saya telah menj https://t.co/3ZGos4xcaH'",0,0,1
101,Sun Apr 29 04:57:43 +0000 2018,b'Retweeted Mohd Najib Tun Razak (@NajibRazak):\n\nSaya kongsi video sekitar penamaan calon bagi P.085 Pekan semalam. A https://t.co/nh4F8CTaX3',0,0,1
101,Sun Apr 29 04:57:52 +0000 2018,b'RT @AriffNizam: Sebarkan ini. \n\nUndi Wee Ka Siong = UNDI NAJIB &amp; ROSMAH. \n\nPangkah KEADILAN. #BinaHarapan https://t.co/VX9tUukMAl',0,0,0
101,Sun Apr 29 04:57:55 +0000 2018,"b'Retweeted Mohd Najib Tun Razak (@NajibRazak):\n\nDulu dia kutuk Anwar Ibrahim dahsyat dahsyat, saya nak sebut pun tak https://t.co/RXgszVp2A0'",0,0,1
101,Sun Apr 29 04:58:00 +0000 2018,"b'RT @faiizmdnoor: @mirchigo_ @ABGKYO Betapa teruknya najib sampai dia sanggup jilat balik ludah dia, see that way bro, how hard pemerintahan'",-0.291666667,0.541666667,0
101,Sun Apr 29 04:58:06 +0000 2018,b'@SinghamIyer U meant still u believe that najib romba nallavu',0,0,0
101,Sun Apr 29 04:58:08 +0000 2018,b'Retweeted Mohd Najib Tun Razak (@NajibRazak):\n\nSaya singgah buat lawatan mengejut ke bilik gerakan PDM Pasir Panjan https://t.co/mvpl3tyJfk',0,0,1
101,Sun Apr 29 04:58:09 +0000 2018,b'RT @paulakahumbu: Pls join me in thanking CS Najib Balala @tunajibu 4 taking  swift &amp; public action on illegal development in #HellsGate it',-0.133333333,0.222222222,1
101,Sun Apr 29 04:58:20 +0000 2018,"b'Retweeted Mohd Najib Tun Razak (@NajibRazak):\n\nSekian lama Kit Siang kata kalau mereka berkuasa, mereka akan hadapk https://t.co/h4BjxP3TfU'",0,0,0
101,Sun Apr 29 04:58:26 +0000 2018,b'RT @bongkersz: Yang penting Najib bangga.\n\nhttps://t.co/H3x3CdheNY',0,0,1
101,Sun Apr 29 04:58:33 +0000 2018,"b""Billboard with Najib's face all over Malaysia. Did people ever question how did BN paid for all of this. Big supple https://t.co/xHDhkxI1Yo""",0,0.1,0
101,Sun Apr 29 04:58:33 +0000 2018,"b'Retweeted Mohd Najib Tun Razak (@NajibRazak):\n\nTinjau operasi bilik gerakan DUN Bebar dan Peramu Jaya tadi, saya te https://t.co/s2csdapCeI'",0,0,1
101,Sun Apr 29 04:58:40 +0000 2018,b'RT @TheRakyatRasmi: Pembangkang licik lari ke tempat selamat - PM Najib - https://t.co/3kVm36ioIK #therakyat',0,0,1
101,Sun Apr 29 04:58:52 +0000 2018,b'Retweeted Mohd Najib Tun Razak (@NajibRazak):\n\nPembangkang tak utamakan perkhidmatan kepada rakyat bila pilih calon https://t.co/V1ttMag8nn',0,0,1
101,Sun Apr 29 04:58:55 +0000 2018,b'RT @bongkersz: Yang penting Najib bangga.\n\nhttps://t.co/H3x3CdheNY',0,0,1
101,Sun Apr 29 04:59:05 +0000 2018,"b""RT @sarawak_report: Leaked KPMG report shows Najib ignored serious warnings when he pushed through FELDA's purchase of his pal's plantation""",-0.333333333,0.666666667,0
101,Sun Apr 29 04:59:06 +0000 2018,"b'Retweeted Mohd Najib Tun Razak (@NajibRazak):\n\nRM200 sebulan selama 3 bulan, prihatinnya Kerajaan Barisan Nasional https://t.co/2ETcQvibkI'",0,0,1
101,Sun Apr 29 04:59:24 +0000 2018,"b'RT @yipsubri: Kalau Adnan still calon MB Pahang, aku doakan PH menang kat Pahang. Biar jadi macam Selangor. Macam-macam najib buat nak tari'",0,0,0
101,Sun Apr 29 04:59:25 +0000 2018,"b'Retweeted Mohd Najib Tun Razak (@NajibRazak):\n\nTerima kasih kpd anggota-anggota Polis, Rela dan semua pegawai bertu https://t.co/wVsPQ1c5WE'",0,0,1
101,Sun Apr 29 04:59:48 +0000 2018,"b'RT @sabatinidzue: Suami ckp smlm masa Solat Jumaat\n\nHabis solat, Imam baca doa.\n\nDah elok bahasa Arab, tiba - tiba..\n\nYa Allah, bantulah D'",0,0,1
101,Sun Apr 29 04:59:48 +0000 2018,b'RT @TheRakyatRasmi: Pembangkang licik lari ke tempat selamat - PM Najib - https://t.co/3kVm36ioIK #therakyat',0,0,1
101,Sun Apr 29 05:00:13 +0000 2018,"b'IF #BN WINS, #NAJIB WILL SELL #LANGKAWI TO PAY DEBTS, SAYS DR #MAHATHIR\n\nRead the full story on #MalaysiaDecides: https://t.co/CxzvmHmkVK'",0.325,0.375,0
101,Sun Apr 29 05:00:24 +0000 2018,b'RT @amirulruslan: Bloomberg Businessweeks Najib cover is a masterpiece of layout design journalism. https://t.co/4U3zR5VVHp',0,0,0
101,Sun Apr 29 05:00:28 +0000 2018,"b'RT @sabatinidzue: Suami ckp smlm masa Solat Jumaat\n\nHabis solat, Imam baca doa.\n\nDah elok bahasa Arab, tiba - tiba..\n\nYa Allah, bantulah D'",0,0,1
101,Sun Apr 29 05:00:29 +0000 2018,"b'RT @msiadecides: IF #BN WINS, #NAJIB WILL SELL #LANGKAWI TO PAY DEBTS, SAYS DR #MAHATHIR\n\nRead the full story on #MalaysiaDecides: https://'",0.325,0.375,0
101,Sun Apr 29 05:00:30 +0000 2018,b'RT @TheRakyatRasmi: Pembangkang licik lari ke tempat selamat - PM Najib - https://t.co/3kVm36ioIK #therakyat',0,0,1
101,Sun Apr 29 05:00:35 +0000 2018,"b""you zhangjing did more for malaysia than najib razak don't @ me""",0.5,0.5,0
101,Sun Apr 29 05:00:49 +0000 2018,"b'RT @Abam_Win: #undinegaraku Drama minta simpati. Kedai roti lingkup la, ada orang sabotaj la. Pasal pesawat kena sabotaj tu, rupanya tayar'",0,0,0
101,Sun Apr 29 05:00:52 +0000 2018,"b'RT @Abam_Win: #undinegaraku Drama minta simpati. Kedai roti lingkup la, ada orang sabotaj la. Pasal pesawat kena sabotaj tu, rupanya tayar'",0,0,0
101,Sun Apr 29 05:00:57 +0000 2018,b'RT @amirulruslan: Bloomberg Businessweeks Najib cover is a masterpiece of layout design journalism. https://t.co/4U3zR5VVHp',0,0,0
101,Sun Apr 29 05:00:59 +0000 2018,"b""Saya setuju dengan Dato' Seri Najib, hebat sungguh negaraku.\n\n1. 1MDB: Skandal kewangangan terbesar dalam sejarah d https://t.co/1qZuEXiXC9""",0,0,0
101,Sun Apr 29 05:01:02 +0000 2018,"b""Saya setuju dengan Dato' Seri Najib, hebat sungguh negaraku.\n\n1. 1MDB: Skandal kewangangan terbesar dalam sejarah d https://t.co/KVc9O50AtZ""",0,0,0
101,Sun Apr 29 05:01:03 +0000 2018,"b'RT @Abam_Win: #undinegaraku Drama minta simpati. Kedai roti lingkup la, ada orang sabotaj la. Pasal pesawat kena sabotaj tu, rupanya tayar'",0,0,0
101,Sun Apr 29 05:01:07 +0000 2018,"b'RT @Abam_Win: #undinegaraku Drama minta simpati. Kedai roti lingkup la, ada orang sabotaj la. Pasal pesawat kena sabotaj tu, rupanya tayar'",0,0,0
101,Sun Apr 29 05:01:08 +0000 2018,"b""Saya setuju dengan Dato' Seri Najib, hebat sungguh negaraku.\n\n1. 1MDB: Skandal kewangangan terbesar dalam sejarah d https://t.co/14lgL20BwL""",0,0,0
101,Sun Apr 29 05:01:10 +0000 2018,"b""Saya setuju dengan Dato' Seri Najib, hebat sungguh negaraku.\n\n1. 1MDB: Skandal kewangangan terbesar dalam sejarah d https://t.co/BOTjhOD40l""",0,0,0
101,Sun Apr 29 05:01:13 +0000 2018,"b'RT @sabatinidzue: Suami ckp smlm masa Solat Jumaat\n\nHabis solat, Imam baca doa.\n\nDah elok bahasa Arab, tiba - tiba..\n\nYa Allah, bantulah D'",0,0,1
101,Sun Apr 29 05:01:17 +0000 2018,"b'RT @Abam_Win: #undinegaraku Drama minta simpati. Kedai roti lingkup la, ada orang sabotaj la. Pasal pesawat kena sabotaj tu, rupanya tayar'",0,0,0
101,Sun Apr 29 05:01:25 +0000 2018,b'RT @TheRakyatRasmi: Pembangkang licik lari ke tempat selamat - PM Najib - https://t.co/3kVm36ioIK #therakyat',0,0,1
101,Sun Apr 29 05:01:29 +0000 2018,"b""Saya setuju dengan Dato' Seri Najib, hebat sungguh negaraku.\n\n1. 1MDB: Skandal kewangangan terbesar dalam sejarah d https://t.co/iSk3BTFi2u""",0,0,0
101,Sun Apr 29 05:01:29 +0000 2018,"b""Saya setuju dengan Dato' Seri Najib, hebat sungguh negaraku.\n\n1. 1MDB: Skandal kewangangan terbesar dalam sejarah d https://t.co/qepSxfn0oS""",0,0,0
101,Sun Apr 29 05:01:37 +0000 2018,"b""RT @khalidkarim: I want PH to win cos;\n1)Only way to get to the bottom of the 1MDB story.\n2)Review of Najib's megaprojects can give us bett""",0.8,0.4,0
101,Sun Apr 29 05:01:39 +0000 2018,"b'RT @Abam_Win: #undinegaraku Drama minta simpati. Kedai roti lingkup la, ada orang sabotaj la. Pasal pesawat kena sabotaj tu, rupanya tayar'",0,0,0
101,Sun Apr 29 05:03:32 +0000 2018,b'RT @NaufalAntezem: Replace Najib with Tok Mat of Negeri Sembilan. Easy win for BN.',0.616666667,0.616666667,0
101,Sun Apr 29 05:05:13 +0000 2018,"b""RT @fuziah99: Saya setuju dengan Dato' Seri Najib, hebat sungguh negaraku.\n\n1. 1MDB: Skandal kewangangan terbesar dalam sejarah dunia\n2. Pe""",0,0,0
101,Sun Apr 29 05:05:13 +0000 2018,"b""RT @NajibRazak: Read YAB PM Najib Razak's interview with Bloomberg on Malaysia's relationship with China and the United States - Admin\n\nhtt""",0,0,1
101,Sun Apr 29 05:05:49 +0000 2018,"b'Perdana Menteri yang juga Calon BN Parlimen P085 Pekan, Datuk Seri Najib Razak bersama Isteri, Datin Seri Rosmah Ma https://t.co/1sMmBhDHSR'",0,0,1
101,Sun Apr 29 05:05:49 +0000 2018,b'Diharap macai2 Najib faham apa yang Tun M nyatakan @BetterNation3 @va_dig bangang @1rmfs kantoi @macai2 BN sekalian https://t.co/ZUQoUPfTr4',0,0,0
101,Sun Apr 29 05:05:50 +0000 2018,"b'Caretaker government promising cash handouts is a clear campaign VIOLATION, is it not? Or does UMNO dance to the tu https://t.co/bw3ZFsqJKn'",0.15,0.441666667,0
101,Sun Apr 29 05:05:50 +0000 2018,b'RT @meorizzulhaqim: @shafiq_amin96 @nano_napy @faisalmohd77 @john_saing @chedetofficial Najib keluar BN bermakna dalam lokap lah beliau. Ha',0,0,0
101,Sun Apr 29 05:05:59 +0000 2018,"b""RT @khalidkarim: I want PH to win cos;\n1)Only way to get to the bottom of the 1MDB story.\n2)Review of Najib's megaprojects can give us bett""",0.8,0.4,0
101,Sun Apr 29 05:06:03 +0000 2018,b'RT @chedetofficial: Najib kata saya tak buat apa-apa pembangunan semasa saya jadi PM ? \n\nSaya setuju dengan dia.\n\nIni jawapan saya. https:/',0,0,0
101,Sun Apr 29 05:06:17 +0000 2018,"b'@IsmailSabri60 Kalau YB nak terus kekal secara terhormat dlm pemerintahan akan dtg, pastikan semua @umnomalaysia https://t.co/qJxH7bKfBu'",0,0,1
101,Sun Apr 29 05:06:27 +0000 2018,"b'RT @bharianmy: Perdana Menteri yang juga calon BN Parlimen P.085 Pekan,  Datuk Seri Najib Razak penuh ceria tiba di Majlis Sambutan Hari gu'",0,0,1
101,Sun Apr 29 05:06:41 +0000 2018,b'Najib sedang sebok berkempen dan bercakap...\n\nPerlu di ingat....\n\nBila dia bercakap itu bermakna dia sedang menipu. https://t.co/wRPAnlscAY',0,0,0
101,Sun Apr 29 05:06:48 +0000 2018,"b'PM yang juga Calon BN Parlimen P085 Pekan, Datuk Seri Najib Razak bersama Isteri, Datin Seri Rosmah Mansor  hadir d https://t.co/x2LMlP10ir'",0,0,1
101,Sun Apr 29 05:06:51 +0000 2018,b'RT @amirulruslan: Bloomberg Businessweeks Najib cover is a masterpiece of layout design journalism. https://t.co/4U3zR5VVHp',0,0,0
101,Sun Apr 29 05:07:44 +0000 2018,b'Najib razak ni tak pernah mandi wajib lagi ke? Asal mcm tak cukup umur je dia ni em',0,0,0
101,Sun Apr 29 05:07:45 +0000 2018,b'Democratisation of education provides education access to people - Najib - https://t.co/K6oCUQXHy0 https://t.co/euHB9Un5re',0,0,1
101,Sun Apr 29 05:07:49 +0000 2018,"b'RT @syahredzan: Untuk PRU ini, walau parti manapun yang anda sokong, jika anda mahu lihat kerajaan baru, anda kena undi calon PH.\n\nSbg seor'",0,0,0
101,Sun Apr 29 05:08:01 +0000 2018,"b""RT @randommidageman: @MelGohCNA Seriously. Malaysians should be ashamed of Najib's behavior. It seems he thinks the only way for him to be""",-0.166666667,0.833333333,0
101,Sun Apr 29 05:08:05 +0000 2018,"b'RT @walski69: Caretaker government promising cash handouts is a clear campaign VIOLATION, is it not? Or does UMNO dance to the tune of thei'",0.15,0.441666667,0
101,Sun Apr 29 05:08:29 +0000 2018,b'RT @Actor_Vivek: Wrong news! Some one replaced the photo. It was originally Dr.Tun.M pic only. I m not a politician. But just a fan of Dr.M',-0.083333333,0.883333333,0
101,Sun Apr 29 05:08:30 +0000 2018,"b'Najib: Because of BN, quality education available to all https://t.co/rasc8MCC6I https://t.co/ryxBREkNew'",0.4,0.4,1
101,Sun Apr 29 05:08:41 +0000 2018,b'Violating campaign rules? Nyehnyehnyehnyehnyeh. You cannot catch me. https://t.co/rGKmxAdvdD',0,0,0
101,Sun Apr 29 05:08:43 +0000 2018,b'@khalidismath @_Vonherig03 @znazrE3n @Ibnuwaled Lol kami di selangor cukup bersyukur. Air free wifi free bas free b https://t.co/DMMmdv5I5Y',0.5,0.775,0
101,Sun Apr 29 05:09:07 +0000 2018,"b'RT @SumishaCNA: Chants of ""Reformasi"" as Pakatan &amp; Dr Mahathir supporters arrive at nomination centre. ""Reformasi"" means ""reformation"". But'",0,0,0
101,Sun Apr 29 05:09:52 +0000 2018,b'RT @bongkersz: Yang penting Najib bangga.\n\nhttps://t.co/H3x3CdheNY',0,0,1
101,Sun Apr 29 05:10:31 +0000 2018,b'RT @yindian5: Lemme rephrase your statement...PM Najib wasted no time to break EC law by announcing some cash handouts which is tantamount',-0.2,0,0
101,Sun Apr 29 05:10:37 +0000 2018,"b'RT @shafiq_amin96: @nano_napy @faisalmohd77 @john_saing @chedetofficial okay kita bgi second chance,nanti najib keluar BN,dia mengaku dia s'",0.25,0.25,0
101,Sun Apr 29 05:10:49 +0000 2018,"b'Unfortunately, quality education did not teach Najib not to steal from the nation. #wastededucation https://t.co/kmnNFO9XAB'",-0.5,1,0
101,Sun Apr 29 05:11:02 +0000 2018,b'RT @AriffNizam: Sebarkan ini. \n\nUndi Wee Ka Siong = UNDI NAJIB &amp; ROSMAH. \n\nPangkah KEADILAN. #BinaHarapan https://t.co/VX9tUukMAl',0,0,0
101,Sun Apr 29 05:11:10 +0000 2018,b'RT @TheRakyatRasmi: Pembangkang licik lari ke tempat selamat - PM Najib - https://t.co/3kVm36ioIK #therakyat',0,0,1
101,Sun Apr 29 05:11:15 +0000 2018,b'RT @kicap_manisnya: @__farahx @SyedSaddiq Cina tak boleh memerintah sbb dalam perlembagaan hanya melayu islam je boleh jadi perdana menteri',0,0,1
101,Sun Apr 29 05:11:37 +0000 2018,"b'RT @Abam_Win: #undinegaraku Drama minta simpati. Kedai roti lingkup la, ada orang sabotaj la. Pasal pesawat kena sabotaj tu, rupanya tayar'",0,0,0
101,Sun Apr 29 05:11:56 +0000 2018,b'@advmsymy Hmmm tak mampu dpt rm500 mcm melaka bagi kau. Ni pun Najib bagi rm300 huhu',0,0,0
101,Sun Apr 29 05:12:01 +0000 2018,b'RT @chedetofficial: Najib kata saya tak buat apa-apa pembangunan semasa saya jadi PM ? \n\nSaya setuju dengan dia.\n\nIni jawapan saya. https:/',0,0,0
101,Sun Apr 29 05:12:21 +0000 2018,"b'I beg to differ Bro, so many schools are in bad shape, in terrible shape if I may. https://t.co/k45Y1ZZ1OS'",-0.4,0.722222222,0
101,Sun Apr 29 05:12:26 +0000 2018,b'seriously najib ajak gaduh mcm budak skolah bgaduh. #pangkahlahdenganbijak https://t.co/cYjlbcsQrd',-0.333333333,0.666666667,0
101,Sun Apr 29 05:12:45 +0000 2018,b'RT @MelGohCNA: Pekan incumbent Najib Razak urges army personnel to join him in the fight against fake news . Mr Najib is #oncampaigntrail i',-0.5,1,1
101,Sun Apr 29 05:12:58 +0000 2018,b'RT @mantomJHR: berpuluh tahun cakap PAS sesat tapi tetiba skrg sanggup cium mulut ngan PAS...x takut jadi sesat/kafir ke https://t.co/yDAcN',0,0,0
101,Sun Apr 29 05:13:45 +0000 2018,"b'Idk man, thats like, ummm your responsibility as the government? One more thing, the flip-flops of educational poli https://t.co/TDTzXlPpkP'",0.375,0.375,0
101,Sun Apr 29 05:15:00 +0000 2018,b'On #Najib giving loads of #money during the #election campaign. \n\n#TolakPencuri #undurNajib #KalahkanPenipuan https://t.co/4VecqLNnub',0,0,0
101,Sun Apr 29 05:15:15 +0000 2018,b'RT @anakusazalie: @youngsyefura @IbrahimRamli Permainan kotor ini akan sentiasa berlaku. Kita cuma boleh menang kalau kita pastikan gelomba',0,0,0
101,Sun Apr 29 05:15:27 +0000 2018,b'@NajibRazak Hoi Najib...mana pegi macai2 kamu...ayat macai ko guna ke ...mencacaikan diri kikiki...sudah ketaq laa tuuuuuu...',0,0,0
101,Sun Apr 29 05:15:29 +0000 2018,"b'You mean the questionable quality of indoctrination camouflaged as ""education""? Yes, credit to UMNO &amp; Lain-Lain ind https://t.co/LqMveqQJLJ'",-0.40625,0.84375,0
101,Sun Apr 29 05:15:30 +0000 2018,b'Najib is a coward and will always be a coward. A coward will use any cowardly way to win his battle. Dont be surpr https://t.co/QY0ytoGNsb',0.8,0.4,0
101,Sun Apr 29 05:23:35 +0000 2018,b'@MelGohCNA Najib good pm',0.7,0.6,1
,,,,,182
,,,,,118
