text,class,predicted_class,polarity,weight,significant_words
"Suami ckp smlm masa Solat Jumaat

Habis solat, Imam baca doa.

Dah elok bahasa Arab, tiba - tiba..

?Ya Allah, bantulah D?",1,1,0.15,1.0,ckp+smlm+masa+solat+baca+doa+elok+bahasa+tiba+tiba+bantulah
"Semua benda nak large sweeping changes immediately, nak ideal conditions baru nak sokong. We can't even change the ruling?",1,1,0.40357142850000005,4.0,benda+nak+large+sweeping+immediately+nak+ideal+baru+nak+sokong+even+change+the+ruling
"BN UMNO pun sama...kata harga barang tak naik lepas GST, tapi tak dapat kawal harga? Sah penipu Najib ni",0,1,0.25,4.0,pun+sama+kata+harga barang+tak+naik+lepas+tapi+tak+dapat+kawal+penipu+ni
With army kids at Batu 10 barrack outside Kuantan . All sporting same hairstyle awaiting Mr Najib?s arrival .  The Pekan inc?,1,1,0,0.0,army+at+barrack+outside+sporting+same+hairstyle+awaiting+arrival
"Many youngsters failed to realized that in order to earn better or get a promotion, u need to log in the hard work first.?",1,0,-0.012499999999999997,4.0,failed+to+realized+that+in+order+to+earn+better+or+get+a+promotion+u+need+to+log+in+the+hard+work+first
A bunch of fans were hauled away by the cops for fighting at the KLFA Stadium carpark after the #SELvNS match. One mat?,1,0,-0.35,2.0,bunch+of+were+hauled+away+by+the+for+fighting+at+the+carpark+after+the+match+mat
Pembangkang licik lari ke tempat selamat - PM Najib - https//t.co/3kVm36ioIK #therakyat,1,0,-0.45,2.0,licik+lari+ke+tempat+selamat
Kenapa pula camtu. Korang maafkan tun mahathir sampai nak letak dia jadi PM boleh aje.  Sekurang2nya letaklah najib jadi TPM. Muhyiddin korang letak jadi menteri kewangan. Zahid biar stay kat KDN.... tul tak. Baru betul memaafkan... ye dak?,0,0,-0.3,3.0,pula+camtu+maafkan+tun mahathir+sampai+nak+letak+dia+jadi+boleh+aje+letaklah+najib+jadi+korang+letak+jadi+menteri+kewangan+biar+stay+kat+tul+tak+betul+memaafkan+ye+dak
"Najib kata saya tak buat apa-apa pembangunan semasa saya jadi PM ? 

Saya setuju dengan dia.

Ini jawapan saya. https/?",0,0,-0.3,2.0,kata+saya+tak+buat+apa-apa+pembangunan+semasa+saya+jadi+setuju+dengan+dia+jawapan+saya
Bloomberg Businessweek?s Najib cover is a masterpiece of layout design journalism. https//t.co/4U3zR5VVHp,0,1,0.5,1.0,cover+is+a+masterpiece+of+layout+design+journalism
"Sensing a renewed Pakatan Harapan (Harapan) coalition challenge under the leadership of Dr Mahathir Mohamad, caretaker?",0,1,0.0,2.0,a+renewed+coalition+challenge+under+the+leadership+of+caretaker
"Yang penting Najib bangga.

https//t.co/H3x3CdheNY",1,1,0.7,1.0,penting+bangga
?Saya tidak mahu menggunakan nama Islam pada parti Islam saya kerana tidak mahu kelemahan parti saya dilihat sebagai kelem?,1,1,0.5,1.0,tidak+mahu+menggunakan+nama+pada+parti+saya+kerana+tidak+mahu+kelemahan+parti+saya+dilihat+sebagai
"ON DAY 2, MAHATHIR LEAVES NAJIB FURTHER BEHIND IN FIGHT FOR HEARTS &amp; MINDS OF MALAYSIANS WILY EX-PM APPEARS IN EMOTIONA?",0,1,0,0.0,amp
"#undinegaraku Drama minta simpati. Kedai roti lingkup la, ada orang sabotaj la. Pasal pesawat kena sabotaj tu, rupanya tayar?",0,0,-0.46666666666666673,3.0,undinegaraku+minta+simpati+roti+lingkup+la+ada+orang+sabotaj+la+pesawat+kena+sabotaj+tu+rupanya+tayar
Yg najib skrg ni salah dia buat ttp mata je ke?,0,0,-0.9,1.0,najib+skrg+ni+salah+dia+buat+ttp+mata+je+ke
Maruah dalam poket Najib.,0,1,0,0.0,dalam+poket
"I want PH to win cos;
1)Only way to get to the bottom of the 1MDB story.
2)Review of Najib's megaprojects can give us bett?",0,1,0.8,1.0,want+to+win+way+to+get+to+the+bottom+of+the+story+of+'s+megaprojects+can+give+bett
Brahim dah tak boleh bawa masuk Australia guys. Please take note. https//t.co/8Mg3siC5nG,1,0,-0.3,1.0,dah+tak+boleh+bawa+masuk+take+note
Sebab tu PRU 14 ni kita kena tolak UMNO dan PAS. Satu parti mainkan isu sentimen perkauman. Satu parti lagi mainkan isu se?,0,0,-0.3,1.0,tu+ni+kita+kena+tolak+dan+parti+mainkan+isu+sentimen+perkauman+parti+lagi+mainkan+isu+se
"Ini bukan isu real politik atau taktikal. Bila SPR sebagai pengadil berat sebelah, demokrasi tempang.

Negara kita adalah n?",0,0,-0.05,4.0,bukan+isu+real+politik+atau+taktikal+sebagai+pengadil+berat sebelah+demokrasi+tempang+kita+adalah+n
"Tun M awalý dah jangka benda ni jdi. Dlm ucapan beliau sblm ni, ""Najib akan beli caloný Pakatan""",0,1,0,0.0,awalý+dah+jangka+benda+ni+jdi+ucapan+beliau+sblm+ni+akan+beli+caloný
"SISTEM PENDIDIKAN NEGARA DEKAT DI HATI NAJIB RAZAK,ÿPM https//t.co/szYT6kn2sr https//t.co/mAecKRYx5m",1,1,0,0,
"Kalau kau kecewa dengan Najib Razak. 

Kalau kau kecewa dengan keadaan Malaysia sekarang ni.

JANGANLAH UNDI PARTI PAS

#GE14",0,0,-0.6,2.0,kau+kecewa+dengan+kau+kecewa+dengan+keadaan+sekarang+ni
"Last election, the narrative used by BN folks to placate the angry public was that GE13 would be Najib's last election. Th?",0,0,-0.25,2.0,election+the+narrative+used+by+to+placate+the+angry+public+that+would+be+'s+last+election
"Ni ke cara Najib berkempen?Macam kempen ketua darjah sekolah rendah jer guna taktik hina pihak lawan.Oh ya lah,?",0,0,-0.8,1.0,ke+cara+berkempen+kempen+ketua+darjah+sekolah+rendah+jer+guna+taktik+hina+pihak+ya+lah
"Pegangan BN adalah supaya calon yang dipilih mampu terus membawa suara dan kepentingan rakyat, dan untuk mereka diadili oleh pengundi atas khidmat jasa mereka sepanjang menjadi wakil rakyat berbeza dengan... https//t.co/ST3zC2QZ5l",1,1,0.25,6.0,adalah+supaya+calon+yang+dipilih+mampu+terus+membawa+suara+dan+kepentingan+rakyat+dan+untuk+mereka+diadili+oleh+pengundi+atas+khidmat+jasa+mereka+sepanjang+menjadi+wakil+rakyat+berbeza+dengan
"The problem with Opposition today

1) U only present urself as alternate to BN. U dont give voters a POSITIVE REASON to vote?",1,1,0.2,1.0,problem+with+today+only+present+urself+alternate+to+dont+give+a+to+vote
Era Perubahan Parlimen Ketereh di Zaman Datuk Seri Najib Tun Razak https//t.co/WOGHngM1yh via,1,1,0,0.0,di
"Too far-fetch to expect Umno to push Najib out of the party after GE, but watch out when Zahid is sidelined, H20 and SSK get?",1,0,-0.5,1.0,far-fetch+to+expect+to+push+out+of+the+party+after+but+watch+out+when+is+sidelined+and+get
Najib serah borang pencalonan PRU14 https//t.co/fril5P3lXV https//t.co/3TEEP6zhZD,1,1,0,0.0,serah+borang+pencalonan
Najib Ullah,1,1,0,0,
Hahahaha cakap dgn cermin ke DS Najib? Siapa yg kuat spin ckp pusing lakon sana sini,0,1,0.3,1.0,cakap+dgn+cermin+ke+yg+kuat+spin+ckp+pusing+lakon+sana+sini
Saya setia bersama Pekan ? Najib https//t.co/ySp7qgh18Y https//t.co/U8TlY0Q5eI,1,1,0.6,1.0,setia+bersama
"Najib Tekad Terus Bela, Perkasa Golongan Pesawah https//t.co/xCTPMPFJIQ https//t.co/vOa1fUsZjk",1,1,0,0,
Replace Najib with Tok Mat of Negeri Sembilan. Easy win for BN.,1,1,0.8,1.0,with+of+win+for
"Semalam bila aku tengok orang BN yang datang kat rumah pakcik aku, lepastu kawan kawan lain datang dan bahan diorang ?wey b?",1,1,0,0.0,bila+aku+tengok+orang+yang+datang+kat+rumah+pakcik+aku+lepastu+kawan+kawan+lain+datang+dan+bahan+diorang+wey+b
"DATUK SERI NAJIB UCAP TERIMA KASIH KEPADA PETUGAS, ANGGOTA KESELAMATAN HARI PENAMAAN CALON
#PRU14
#MalaysiaMengundi
#YangSah?",1,1,0,0,
Najib is literally promising flying cars now. https//t.co/X3pV3Oty4f,0,1,0.2,1.0,is+literally+promising+flying+now
"SISTEM PENDIDIKAN NEGARA DEKAT DI HATI NAJIB RAZAK,ÿPM https//t.co/szYT6kn2sr https//t.co/mAecKRYx5m",1,1,0,0,
"Jgn risau, bro. Kalo DAP pun PAS xmau, apatahlagi BN. 

Tapi yg patut korang risau adalah Tun M.?",1,0,-0.2,2.0,risau+bro+pun+xmau+apatahlagi+yg+patut+korang+risau+adalah
You are representing your party. Samalah macam orang tak suka Najib dan tolak BN.  Aduh simple je benda ni jangan rumitkan.,0,0,-0.09999999999999998,3.0,are+representing+your+party+macam+orang+tak+suka+dan+tolak+simple+je+benda+ni+jangan+rumitkan
"Dulu PRU hadapi masalah blackout.

Kali ini, PRU hadapi masalah IC.

Najib amat pandai sekali. Nak menang tanpa bertanding. Ini lah sikap BN. https//t.co/bbDt6mPqd4",0,0,-0.1,5.0,hadapi+masalah+blackout+ini+hadapi+masalah+amat+pandai+sekali+menang+tanpa+bertanding+lah+sikap
blast from the past Najib's 1MDB (1 More D^4 Bloody Bastard Blogger). https//t.co/AdzptXS6PJ,0,0,-0.01,1.0,blast+from+the+past+'s
Aku sedih la siapa yang buat fake account semata-mata nak backup najib,0,0,-0.55,2.0,sedih+la+siapa+yang+buat+fake+account+semata-mata+nak+backup+najib
"Since 2010  has been running $378b deficit budget PLUS (I bet u didn't know this) $97b in Supp Budgets. Under Tun &amp; AAB, PMO budgets were tops RM4b, Najib's average $16b (slush fund). With so much fat to cut, yr &amp; my grandmothers wud know where to take d knife to! https//t.co/hQgs5YLqWm",0,0,-0.18333333333333335,3.0,been+running+378b+deficit+budget+bet+u+did+know+this+97b+in+amp+were+'s+average+16b+slush+fund+so+much+fat+to+cut+yr+amp+my+wud+know+where+to+take+d+knife+to
Due to  Najib &amp; Felda Chairman Shahrir forcing investment in crony Pe?,0,0,-0.5,1.0,to+amp+forcing+investment+in+crony
b'RT @Fred9Fareed: Sebab tu PRU 14 ni kita kena tolak UMNO dan PAS. Satu parti mainkan isu sentimen perkauman. Satu parti lagi mainkan isu se',0,0,-0.3,1.0,tu+ni+kita+kena+tolak+dan+parti+mainkan+isu+sentimen+perkauman+parti+lagi+mainkan+isu+se
b'RT @Fred9Fareed: Sebab tu PRU 14 ni kita kena tolak UMNO dan PAS. Satu parti mainkan isu sentimen perkauman. Satu parti lagi mainkan isu se',0,0,-0.3,1.0,tu+ni+kita+kena+tolak+dan+parti+mainkan+isu+sentimen+perkauman+parti+lagi+mainkan+isu+se
"b'My answer to Can show me proof as a PM, what Tun.Dr, Mahathir and PM Najib Razak have contributed to the Indian com https://t.co/7RAAOgK4r0'",1,1,0.4,1.0,answer+to+show+me+proof+a+what+and+have+contributed+to+the+com
"b""RT @warabiyah: Pandikar will be speaker again if BN wins. And cabinet will be same old fat corrupted Najib's baruahs. I don't want that. So""",0,0,-0.3,2.0,b+warabiyah+will+be+speaker+again+if+cabinet+will+be+same+old+fat+corrupted+'s+baruahs+do+want+that
"b'RT @sabatinidzue: Suami ckp smlm masa Solat Jumaat\n\nHabis solat, Imam baca doa.\n\nDah elok bahasa Arab, tiba - tiba..\n\nYa Allah, bantulah D'",1,1,0.15,1.0,ckp+smlm+masa+solat+baca+elok+bahasa+tiba+bantulah
b'RT @the50d: Hi! Sy merupakan graduan medical line tajaan JPA yg kini menganggur hampir 2 tahun. Bkn sy sorang je hampir 4 ribu kwn2 satu co',0,1,0,0.0,merupakan+graduan+medical+line+tajaan+yg+kini+menganggur+hampir+tahun+sy+sorang+je+hampir+ribu+kwn2+satu+co
"b'RT @hanimomo: Too far-fetch to expect Umno to push Najib out of the party after GE, but watch out when Zahid is sidelined, H20 and SSK get'",1,0,-0.5,1.0,far-fetch+to+expect+to+push+out+of+the+party+after+but+watch+out+when+is+sidelined+and+get
b'RT @manivarman1204: Those who talk so big about BN and Najib. Think twice before you vote https://t.co/GLfRzJGkhZ',0,1,0.0,1.0,who+talk+so+big+about+and+twice+before+you+vote
"b'@FaridZamri @NajibRazak Kerje ko hebat. Najib bangga negara kononnya bagus, ekonomi terbaik.. pendapatan rakyat men https://t.co/5pJ56dyhOh'",1,1,0.7333333333333334,3.0,b+ko+hebat+bangga+negara+kononnya+bagus+ekonomi+terbaik+pendapatan+rakyat+men
"b""RT @khalidkarim: I want PH to win cos;\n1)Only way to get to the bottom of the 1MDB story.\n2)Review of Najib's megaprojects can give us bett""",0,1,0.8,1.0,b+khalidkarim+want+to+win+n1+way+to+get+to+the+bottom+of+the+of+'s+megaprojects+can+give+bett
b'Same here...\n#Truth  https://t.co/rWyAaXpjka',0,1,0,0.0,here+n
"b""RT @amirhimself: Last election, the narrative used by BN folks to placate the angry public was that GE13 would be Najib's last election. Th""",0,0,-0.25,2.0,b+amirhimself+election+the+narrative+used+by+to+placate+the+angry+public+that+would+be+'s+last+election
"b'I will remain loyal to Pekan, says Najib #GE14 #MalaysiMemilih https://t.co/sSzxHsy0VN'",1,1,0.6,1.0,will+remain+loyal+to
b'@bukanaimantino @sarinahhh98 @SokanMalaya07 @Khairykj @jaiothman @rafiziramli @chedetofficial X kn jwp punya..puli. https://t.co/0w8ibVJkqw',0,1,0,0.0,b+bukanaimantino+sarinahhh98+jaiothman+rafiziramli+chedetofficial+kn+jwp+punya..puli
b'Jatuh kan najib sahaja..klu dia masih memerintah..duit akan jatuh lagi..kos hidup akan tggi..nak beli RUMAH..jangan harapp lahh siall',0,0,-0.5,2.0,kan+najib+sahaja..klu+dia+masih+memerintah..duit+akan+jatuh+lagi..kos+hidup+akan+tggi..nak+beli+harapp+lahh+siall
"b""RT @khalidkarim: I want PH to win cos;\n1)Only way to get to the bottom of the 1MDB story.\n2)Review of Najib's megaprojects can give us bett""",0,1,0.8,1.0,b+khalidkarim+want+to+win+n1+way+to+get+to+the+bottom+of+the+of+'s+megaprojects+can+give+bett
b'RT @Actor_Vivek: Wrong news! Some one replaced the photo. It was originally Dr.Tun.M pic only. I m not a politician. But just a fan of Dr.M',0,0,-0.5,0.75,news+one+replaced+the+photo+originally+pic+only+m+not+a+politician+just+a+fan+of
"b'RT @Abam_Win: #undinegaraku Drama minta simpati. Kedai roti lingkup la, ada orang sabotaj la. Pasal pesawat kena sabotaj tu, rupanya tayar'",0,0,-0.46666666666666673,3.0,undinegaraku+minta+simpati+roti+lingkup+la+ada+orang+sabotaj+la+pesawat+kena+sabotaj+tu+rupanya+tayar
"b""RT @amirhimself: Last election, the narrative used by BN folks to placate the angry public was that GE13 would be Najib's last election. Th""",0,0,-0.25,2.0,b+amirhimself+election+the+narrative+used+by+to+placate+the+angry+public+that+would+be+'s+last+election
"b'@FaridZamri @NajibRazak Sejak bila aku maki hamun Najib? Bg satu ayat, mana yg aku maki hamun najib? Aku cuma kata https://t.co/d8KwcLZhUy'",0,1,0,0.0,b+bila+aku+maki+hamun+satu+ayat+mana+yg+aku+maki+hamun+najib+cuma+kata
b'@NajibRazak memang tidak ku salah sangka.. engkau najib mempunyai hati yang sungguh busuk akibat dari terlalu banya https://t.co/ZEDPyBjoIp',0,1,0.7,2.0,b+memang+tidak+ku+salah+sangka+engkau+najib+mempunyai+hati+yang+sungguh+busuk+akibat+dari+terlalu+banya
b'RT @BintangRamah: @NajibRazak Kesilapan Tun paling besar ialah naikkan DS najib..',0,1,0,0.0,paling+besar+ialah+naikkan+najib
"b'RT @SumishaCNA: Chants of ""Reformasi"" as Pakatan &amp; Dr Mahathir supporters arrive at nomination centre. ""Reformasi"" means ""reformation"". But'",0,0,-0.5,1.0,of+amp+arrive+at+nomination+centre+reformation
b'RT @TheRakyatRasmi: Pembangkang licik lari ke tempat selamat - PM Najib - https://t.co/3kVm36ioIK #therakyat',1,0,-0.45,2.0,licik+lari+ke+tempat+selamat
"b'RT @NaezaFinaz: @NajibRazak Ni ke cara Najib berkempen?Macam kempen ketua darjah sekolah rendah jer guna taktik hina pihak lawan.Oh ya lah,'",0,0,-0.8,1.0,ke+cara+berkempen+kempen+ketua+darjah+sekolah+rendah+jer+guna+taktik+hina+pihak+ya+lah
b'@aishasbrdn Modal Najib ni Aishah...dah terkepit...',0,1,0,0.0,b+aishasbrdn+ni+dah+terkepit
"b'RT @TheDukeofKL: Sejarah Hitam YB Khairy Jamaluddin Yang Tidak Diketahui Ramai\n\n1. Selepas kekalahan teruk BN dlm PRU12 pd 2008, berlaku de'",0,0,-0.4,2.0,kekalahan+teruk+dlm+pd+berlaku+de
b'RT @napiez: Im gonna put my expectations low. BN to lose enough seats for UMNO to push Najib out. BN to win Ktan but lose Johor.',0,0,-0.024999999999999994,4.0,gon+na+put+my+low+to+lose+enough+for+to+push+out+to+win+but+lose
"b'RT @MsiaChronicle: PAKATAN BOUNCES BACK - FIRST NIGHT, MALAYSIA ALREADY FIRED UP: TENS OF THOUSANDS PACK PENANG TO HEAR GUAN ENG, MARINA MA'",0,1,0,0,
"b'@mkabmr @niknazmi @zulhasnan118 Itu Najib Razak. BN memang mcm tu, dah masuk tipu macam2 last last kata dah pulangkan balik. Hahaha'",0,0,-0.5,1.0,b+mkabmr+niknazmi+zulhasnan118+memang+mcm+tu+dah+masuk+tipu+macam2+last+last+kata+dah+pulangkan+balik
"b'RT @sabatinidzue: Suami ckp smlm masa Solat Jumaat\n\nHabis solat, Imam baca doa.\n\nDah elok bahasa Arab, tiba - tiba..\n\nYa Allah, bantulah D'",1,1,0.15,1.0,ckp+smlm+masa+solat+baca+elok+bahasa+tiba+bantulah
b'RT @Fred9Fareed: Sebab tu PRU 14 ni kita kena tolak UMNO dan PAS. Satu parti mainkan isu sentimen perkauman. Satu parti lagi mainkan isu se',0,0,-0.3,1.0,tu+ni+kita+kena+tolak+dan+parti+mainkan+isu+sentimen+perkauman+parti+lagi+mainkan+isu+se
"b""RT @khalidkarim: I want PH to win cos;\n1)Only way to get to the bottom of the 1MDB story.\n2)Review of Najib's megaprojects can give us bett""",0,1,0.8,1.0,b+khalidkarim+want+to+win+n1+way+to+get+to+the+bottom+of+the+of+'s+megaprojects+can+give+bett
"b'RT @NaezaFinaz: @NajibRazak Ni ke cara Najib berkempen?Macam kempen ketua darjah sekolah rendah jer guna taktik hina pihak lawan.Oh ya lah,'",0,0,-0.8,1.0,ke+cara+berkempen+kempen+ketua+darjah+sekolah+rendah+jer+guna+taktik+hina+pihak+ya+lah
b'@iamharizshah @chedetofficial Abislah Najib tahu kena tebanglah nanti!!Kenapa beritahu..hmm..',0,1,0,0.0,b+iamharizshah+chedetofficial+tahu+kena+tebanglah+nanti+beritahu..hmm
b'RT @Fred9Fareed: Sebab tu PRU 14 ni kita kena tolak UMNO dan PAS. Satu parti mainkan isu sentimen perkauman. Satu parti lagi mainkan isu se',0,0,-0.3,1.0,tu+ni+kita+kena+tolak+dan+parti+mainkan+isu+sentimen+perkauman+parti+lagi+mainkan+isu+se
b'RT @Fred9Fareed: Sebab tu PRU 14 ni kita kena tolak UMNO dan PAS. Satu parti mainkan isu sentimen perkauman. Satu parti lagi mainkan isu se',0,0,-0.3,1.0,tu+ni+kita+kena+tolak+dan+parti+mainkan+isu+sentimen+perkauman+parti+lagi+mainkan+isu+se
"b'RT @TheDukeofKL: Sejarah Hitam YB Khairy Jamaluddin Yang Tidak Diketahui Ramai\n\n1. Selepas kekalahan teruk BN dlm PRU12 pd 2008, berlaku de'",0,0,-0.4,2.0,kekalahan+teruk+dlm+pd+berlaku+de
"b'RT @faiizmdnoor: @mirchigo_ @ABGKYO Betapa teruknya najib sampai dia sanggup jilat balik ludah dia, see that way bro, how hard pemerintahan'",0,0,-0.4,2.0,mirchigo+teruknya+najib+sampai+dia+sanggup+jilat+balik+ludah+dia+see+that+way+bro+how+hard+pemerintahan
b'RT @TheRakyatRasmi: Pembangkang licik lari ke tempat selamat - PM Najib - https://t.co/3kVm36ioIK #therakyat',1,0,-0.45,2.0,licik+lari+ke+tempat+selamat
"b'RT @SumishaCNA: Chants of ""Reformasi"" as Pakatan &amp; Dr Mahathir supporters arrive at nomination centre. ""Reformasi"" means ""reformation"". But'",0,0,-0.5,1.0,of+amp+arrive+at+nomination+centre+reformation
b'Pekan incumbent Najib Razak urges army personnel to join him in the fight against fake news . Mr Najib is https://t.co/sruit6jyz9',1,0,-0.3,2.0,incumbent+army+personnel+to+join+him+in+the+fight+against+fake+news+is
"b'RT @syahredzan: Untuk PRU ini, walau parti manapun yang anda sokong, jika anda mahu lihat kerajaan baru, anda kena undi calon PH.\n\nSbg seor'",0,1,1.0,1.0,syahredzan+ini+walau+parti+manapun+yang+anda+sokong+jika+anda+mahu+lihat+kerajaan+baru+anda+kena+undi+calon+seor
b'RT @Fred9Fareed: Sebab tu PRU 14 ni kita kena tolak UMNO dan PAS. Satu parti mainkan isu sentimen perkauman. Satu parti lagi mainkan isu se',0,0,-0.3,1.0,tu+ni+kita+kena+tolak+dan+parti+mainkan+isu+sentimen+perkauman+parti+lagi+mainkan+isu+se
b'Tun&gt;Najib https://t.co/ZdjG5WW63t',1,1,0,0.0,gt
b'RT @RizaTann: The problem with Opposition today:\n\n1) U only present urself as alternate to BN. U dont give voters a POSITIVE REASON to vote',1,1,0.2,1.0,problem+with+today+only+present+urself+alternate+to+dont+give+a+to+vote
b'Tahniah @relamalaysia !! https://t.co/qDTUpkTPBU',1,1,0,0.0,relamalaysia
b'RT @firdyfire: ATTN: @mpkotabelud .. Jibby bitching about you bro? Larian Kotabelud - Sepanggar. https://t.co/gOkdVGKauH',0,0,-0.5,1.0,mpkotabelud+bitching+about+you+bro
b'RT @Fred9Fareed: Sebab tu PRU 14 ni kita kena tolak UMNO dan PAS. Satu parti mainkan isu sentimen perkauman. Satu parti lagi mainkan isu se',0,0,-0.3,1.0,tu+ni+kita+kena+tolak+dan+parti+mainkan+isu+sentimen+perkauman+parti+lagi+mainkan+isu+se
"b'RT @TheDukeofKL: Sejarah Hitam YB Khairy Jamaluddin Yang Tidak Diketahui Ramai\n\n1. Selepas kekalahan teruk BN dlm PRU12 pd 2008, berlaku de'",0,0,-0.4,2.0,kekalahan+teruk+dlm+pd+berlaku+de
"b'@walid_joe Sb pengundi cina bijak2 la dia undi sb dia tau dia boleh makan najib,tun depa xboleh nk makan'",1,0,-0.3,1.0,b+walid_joe+pengundi+cina+bijak2+la+dia+undi+sb+dia+tau+dia+boleh+makan+najib+tun mahathir+depa+xboleh+nk+makan
b'RT @ayshardzn: I had to look at Najibs face along the highway from JB to KL. Basically all the Big Tree billboard will either have BN mani',0,1,0,0.0,had+to+look+at+face+along+the+highway+from+to+all+the+billboard+will+either+have+mani
"b'Kalau Adnan still calon MB Pahang, aku doakan PH menang kat Pahang. Biar jadi macam Selangor. Macam-macam najib bua https://t.co/rhjjnbOcBg'",0,1,0.5,1.0,still+calon+aku+doakan+menang+kat+jadi+macam+najib+bua
b'@kyellz if najib trun! tibah! haha',0,1,0.2,1.0,b+kyellz+if+najib+trun+tibah+haha
"b'RT @sabatinidzue: Suami ckp smlm masa Solat Jumaat\n\nHabis solat, Imam baca doa.\n\nDah elok bahasa Arab, tiba - tiba..\n\nYa Allah, bantulah D'",1,1,0.15,1.0,ckp+smlm+masa+solat+baca+elok+bahasa+tiba+bantulah
"b'RT @MsiaChronicle: ON DAY 2, MAHATHIR LEAVES NAJIB FURTHER BEHIND IN FIGHT FOR HEARTS &amp; MINDS OF MALAYSIANS: WILY EX-PM APPEARS IN EMOTIONA'",0,1,0,0.0,amp
b'RT @chedetofficial: Najib kata saya tak buat apa-apa pembangunan semasa saya jadi PM ? \n\nSaya setuju dengan dia.\n\nIni jawapan saya. https:/',0,0,-0.3,2.0,chedetofficial+kata+saya+tak+buat+apa-apa+pembangunan+semasa+saya+jadi+setuju+dengan+jawapan+saya
"b'RT @sabatinidzue: Suami ckp smlm masa Solat Jumaat\n\nHabis solat, Imam baca doa.\n\nDah elok bahasa Arab, tiba - tiba..\n\nYa Allah, bantulah D'",1,1,0.15,1.0,ckp+smlm+masa+solat+baca+elok+bahasa+tiba+bantulah
"b'RT @tapaimalaya: All we want is a Malaysian government, not a Malay government sprinkled with spices and soy sauce, so you can fuck off and'",0,1,0.6,1.0,we+want+is+a+government+not+a+government+sprinkled+with+and+soy+sauce+so+you+can+fuck+off+and
b'rosy cheek segala https://t.co/dsVyP9xK0W',1,1,0,0.0,cheek+segala
"b""RT @warabiyah: Pandikar will be speaker again if BN wins. And cabinet will be same old fat corrupted Najib's baruahs. I don't want that. So""",0,0,-0.3,2.0,b+warabiyah+will+be+speaker+again+if+cabinet+will+be+same+old+fat+corrupted+'s+baruahs+do+want+that
"b'RT @sabatinidzue: Suami ckp smlm masa Solat Jumaat\n\nHabis solat, Imam baca doa.\n\nDah elok bahasa Arab, tiba - tiba..\n\nYa Allah, bantulah D'",1,1,0.15,1.0,ckp+smlm+masa+solat+baca+elok+bahasa+tiba+bantulah
b'RT @bongkersz: Yang penting Najib bangga.\n\nhttps://t.co/H3x3CdheNY',1,1,0,0.0,penting
b'RT @TheRakyatRasmi: Pembangkang licik lari ke tempat selamat - PM Najib - https://t.co/3kVm36ioIK #therakyat',1,0,-0.45,2.0,licik+lari+ke+tempat+selamat
b'RT @TheRakyatRasmi: Pembangkang licik lari ke tempat selamat - PM Najib - https://t.co/3kVm36ioIK #therakyat',1,0,-0.45,2.0,licik+lari+ke+tempat+selamat
b'RT @NaufalAntezem: Replace Najib with Tok Mat of Negeri Sembilan. Easy win for BN.',0,1,0.8,1.0,with+of+win+for
b'@syahirahamim1 Najib hahaha',1,1,0.2,1.0,b+syahirahamim1+hahaha
"b'RT @tapaimalaya: All we want is a Malaysian government, not a Malay government sprinkled with spices and soy sauce, so you can fuck off and'",0,1,0.6,1.0,we+want+is+a+government+not+a+government+sprinkled+with+and+soy+sauce+so+you+can+fuck+off+and
"b'RT @sabatinidzue: Suami ckp smlm masa Solat Jumaat\n\nHabis solat, Imam baca doa.\n\nDah elok bahasa Arab, tiba - tiba..\n\nYa Allah, bantulah D'",1,1,0.15,1.0,ckp+smlm+masa+solat+baca+elok+bahasa+tiba+bantulah
"b'RT @yipsubri: Kalau Adnan still calon MB Pahang, aku doakan PH menang kat Pahang. Biar jadi macam Selangor. Macam-macam najib buat nak tari'",0,1,0.5,1.0,still+calon+aku+doakan+menang+kat+jadi+macam+najib+buat+nak+tari
b'This looks like one of my grumpy instastories https://t.co/CaXETp0Qfs',0,0,-0.4,1.0,like+one+of+my+grumpy+instastories
"b'RT @syahredzan: Untuk PRU ini, walau parti manapun yang anda sokong, jika anda mahu lihat kerajaan baru, anda kena undi calon PH.\n\nSbg seor'",0,1,1.0,1.0,syahredzan+ini+walau+parti+manapun+yang+anda+sokong+jika+anda+mahu+lihat+kerajaan+baru+anda+kena+undi+calon+seor
"b""RT @khalidkarim: I want PH to win cos;\n1)Only way to get to the bottom of the 1MDB story.\n2)Review of Najib's megaprojects can give us bett""",0,1,0.8,1.0,b+khalidkarim+want+to+win+n1+way+to+get+to+the+bottom+of+the+of+'s+megaprojects+can+give+bett
b'RT @chedetofficial: Najib kata saya tak buat apa-apa pembangunan semasa saya jadi PM ? \n\nSaya setuju dengan dia.\n\nIni jawapan saya. https:/',0,0,-0.3,2.0,chedetofficial+kata+saya+tak+buat+apa-apa+pembangunan+semasa+saya+jadi+setuju+dengan+jawapan+saya
b'harap Najib still PM https://t.co/OtZP31mFZX',1,1,0,0.0,still
b'RT @Actor_Vivek: Wrong news! Some one replaced the photo. It was originally Dr.Tun.M pic only. I m not a politician. But just a fan of Dr.M',0,0,-0.5,0.75,news+one+replaced+the+photo+originally+pic+only+m+not+a+politician+just+a+fan+of
"b'if you want younger person to be our PM,can you suggest 1?\nTun M is just a stepping stone for gov change,not necess https://t.co/UBaX1pliAM'",1,1,0.5,1.0,you+want+younger+person+to+be+our+can+you+suggest+is+just+a+stepping+stone+for+gov+change+not+necess
"b'RT @sabatinidzue: Suami ckp smlm masa Solat Jumaat\n\nHabis solat, Imam baca doa.\n\nDah elok bahasa Arab, tiba - tiba..\n\nYa Allah, bantulah D'",1,1,0.15,1.0,ckp+smlm+masa+solat+baca+elok+bahasa+tiba+bantulah
"b'Najib: We stick around, they hop around - Free Malaysia Today https://t.co/DW7ZMcQ35s https://t.co/jDA9z7Rcpx'",1,1,0,0.0,stick+around+they+hop+around
b'RT @bongkersz: Yang penting Najib bangga.\n\nhttps://t.co/H3x3CdheNY',1,1,0,0.0,penting
b'RT @Fred9Fareed: Sebab tu PRU 14 ni kita kena tolak UMNO dan PAS. Satu parti mainkan isu sentimen perkauman. Satu parti lagi mainkan isu se',0,0,-0.3,1.0,tu+ni+kita+kena+tolak+dan+parti+mainkan+isu+sentimen+perkauman+parti+lagi+mainkan+isu+se
b'RT @esshankar1: @sarawak_report @2sayornot2say @FeldaLKTP Due to @PMOMalaysia Najib &amp; Felda Chairman Shahrir forcing investment in crony Pe',0,0,-0.5,1.0,sarawak_report+2sayornot2say+to+amp+forcing+investment+in+crony
b'RT @TheRakyatRasmi: Pembangkang licik lari ke tempat selamat - PM Najib - https://t.co/3kVm36ioIK #therakyat',1,0,-0.45,2.0,licik+lari+ke+tempat+selamat
"b'RT @sabatinidzue: Suami ckp smlm masa Solat Jumaat\n\nHabis solat, Imam baca doa.\n\nDah elok bahasa Arab, tiba - tiba..\n\nYa Allah, bantulah D'",1,1,0.15,1.0,ckp+smlm+masa+solat+baca+elok+bahasa+tiba+bantulah
b'RT @AriffNizam: Sebarkan ini. \n\nUndi Wee Ka Siong = UNDI NAJIB &amp; ROSMAH. \n\nPangkah KEADILAN. #BinaHarapan https://t.co/VX9tUukMAl',0,1,0,0.0,ini+amp
b'@asiahussainn Takde jerawat pulak tu. Patot mintak skincare tips kat najib',1,1,0,0.0,b+asiahussainn+jerawat+pulak+tu+mintak+skincare+kat+najib
b'RT @ZainudinMaidin: Keputusan Nik Omar anak Nik Aziz utk bertanding dikawasan bapanya sebagai calon MB kelantan mengugat dengan parahnya s',0,0,-0.4,1.0,anak+utk+bertanding+dikawasan+bapanya+sebagai+calon+kelantan+mengugat+dengan+parahnya
b'@__farahx @SyedSaddiq Cina tak boleh memerintah sbb dalam perlembagaan hanya melayu islam je boleh jadi perdana men https://t.co/Bu5ldkwzFQ',1,0,-0.3,2.0,b+farahx+tak+boleh+memerintah+sbb+dalam+perlembagaan+hanya+melayu+islam+je+boleh+jadi+perdana+men
"b""RT @adrianlimcheeen: 6 MINGGU BERTURUT-TURUT harga petrol dikekalkan. Paling lama sejak 'float system' diperkenalkan.\n\n(Sejak 22 Mac)\nRon95""",1,0,-0.5,1.0,b+adrianlimcheeen+harga barang+petrol+dikekalkan+lama+sejak+'float+system
b'RT @TheRakyatRasmi: Pembangkang licik lari ke tempat selamat - PM Najib - https://t.co/3kVm36ioIK #therakyat',1,0,-0.45,2.0,licik+lari+ke+tempat+selamat
b'Kenapa masih ada manusia yang back up Najib untuk skandal skandal yang jelas trang tang tang dalam mata............ https://t.co/6PYfOTgj5A',0,0,-0.6,2.0,masih+ada+manusia+yang+back+up+untuk+skandal+skandal+yang+jelas+trang+tang+tang+dalam+mata
b'Najib boleh mau lek sat kot.',0,1,0.3,1.0,boleh+mau+lek+sat+kot
b'RT @Rah61mad: RT @sweetcakceebo: Media Luar Negara melaporkan Najib Razak sebagai Menteri Kewangan TERBAIK ASIA.. https://t.co/KQGOkXalKQ',1,1,0,0.0,sweetcakceebo+melaporkan+sebagai
"b'RT @sabatinidzue: Suami ckp smlm masa Solat Jumaat\n\nHabis solat, Imam baca doa.\n\nDah elok bahasa Arab, tiba - tiba..\n\nYa Allah, bantulah D'",1,1,0.15,1.0,ckp+smlm+masa+solat+baca+elok+bahasa+tiba+bantulah
b'RT @TheRakyatRasmi: Pembangkang licik lari ke tempat selamat - PM Najib - https://t.co/3kVm36ioIK #therakyat',1,0,-0.45,2.0,licik+lari+ke+tempat+selamat
b'RT @Fred9Fareed: Sebab tu PRU 14 ni kita kena tolak UMNO dan PAS. Satu parti mainkan isu sentimen perkauman. Satu parti lagi mainkan isu se',0,0,-0.3,1.0,tu+ni+kita+kena+tolak+dan+parti+mainkan+isu+sentimen+perkauman+parti+lagi+mainkan+isu+se
b'RT @amirulruslan: Bloomberg Businessweeks Najib cover is a masterpiece of layout design journalism. https://t.co/4U3zR5VVHp',0,1,0.5,1.0,cover+is+a+masterpiece+of+layout+design+journalism
"b'Thus far, about RM 40 billion has been allocated from 2008 to 2018 to support non-Islamic places of worships. \n\nA v https://t.co/EtQXpZ00Ld'",1,1,0.3,2.0,far+about+billion+been+allocated+from+to+to+support+of+v
b'RT @LiewChinTong: Now I know the other reason why SPR came out with a rule that only photos of party leaders are allowed. SPR wants to ta',0,1,0.0,1.0,know+the+other+reason+why+came+out+with+a+rule+that+only+of+party+are+allowed+to+ta
b'Kenapa masih ada manusia yang back up Najib untuk skandal skandal yang jelas trang tang tang depan mata............ https://t.co/pgqGsSQd2Y',0,0,-0.6,2.0,masih+ada+manusia+yang+back+up+untuk+skandal+skandal+yang+jelas+trang+tang+tang+depan+mata
b'Malaysias election campaign kicks off.\nNajib leads his undefeated ruling coalition into arguably its toughest elec https://t.co/uZlaFmploN',0,0,-0.1,1.0,election+campaign+his+undefeated+ruling+coalition+into+arguably+toughest+elec
b'RT @ZamriN9: Najib ke yg bermaruah tu?? https://t.co/rhmMD3bXr7',0,1,0,0.0,ke+yg+bermaruah+tu
b'RT @TheRakyatRasmi: Pembangkang licik lari ke tempat selamat - PM Najib - https://t.co/3kVm36ioIK #therakyat',1,0,-0.45,2.0,licik+lari+ke+tempat+selamat
b'@Khairykj yg ni betul ke tak https://t.co/eV4FrC3KS8',0,0,-0.5,1.0,b+yg+ni+betul+ke+tak
"b'RT @tapaimalaya: All we want is a Malaysian government, not a Malay government sprinkled with spices and soy sauce, so you can fuck off and'",0,1,0.6,1.0,we+want+is+a+government+not+a+government+sprinkled+with+and+soy+sauce+so+you+can+fuck+off+and
"b'Thus far, about RM 40 billion has been allocated from 2008 to 2018 to support non-Islamic places of worships. \n\nA v https://t.co/NnnPblKCor'",1,1,0.3,2.0,far+about+billion+been+allocated+from+to+to+support+of+v
b'RT @TheRakyatRasmi: Pembangkang licik lari ke tempat selamat - PM Najib - https://t.co/3kVm36ioIK #therakyat',1,0,-0.45,2.0,licik+lari+ke+tempat+selamat
"b'RT @hanimomo: Too far-fetch to expect Umno to push Najib out of the party after GE, but watch out when Zahid is sidelined, H20 and SSK get'",1,0,-0.5,1.0,far-fetch+to+expect+to+push+out+of+the+party+after+but+watch+out+when+is+sidelined+and+get
b'RT @amirulruslan: Bloomberg Businessweeks Najib cover is a masterpiece of layout design journalism. https://t.co/4U3zR5VVHp',0,1,0.5,1.0,cover+is+a+masterpiece+of+layout+design+journalism
"b'RT @Abam_Win: Najib Dicabar Cucu Tun Ghafar Baba, Pesara Tentera Dan Kontraktor Di Pekan\n#undinegaraku\n#GE14\n#PRU14\n#HebatkanNegaraku'",1,1,0,0,
"b'RT @sabatinidzue: Suami ckp smlm masa Solat Jumaat\n\nHabis solat, Imam baca doa.\n\nDah elok bahasa Arab, tiba - tiba..\n\nYa Allah, bantulah D'",1,1,0.15,1.0,ckp+smlm+masa+solat+baca+elok+bahasa+tiba+bantulah
b'Orang kuat najib ni - makpah ',1,1,0.3,1.0,kuat+najib+ni+makpah
"b'RT @tapaimalaya: All we want is a Malaysian government, not a Malay government sprinkled with spices and soy sauce, so you can fuck off and'",0,1,0.6,1.0,we+want+is+a+government+not+a+government+sprinkled+with+and+soy+sauce+so+you+can+fuck+off+and
"b""RT @warabiyah: Pandikar will be speaker again if BN wins. And cabinet will be same old fat corrupted Najib's baruahs. I don't want that. So""",0,0,-0.3,2.0,b+warabiyah+will+be+speaker+again+if+cabinet+will+be+same+old+fat+corrupted+'s+baruahs+do+want+that
b'RT @TheRakyatRasmi: Pembangkang licik lari ke tempat selamat - PM Najib - https://t.co/3kVm36ioIK #therakyat',1,0,-0.45,2.0,licik+lari+ke+tempat+selamat
"b'Thus far, about RM 40 billion has been allocated from 2008 to 2018 to support non-Islamic places of worships. \n\nA v https://t.co/YGswGKzusA'",1,1,0.3,2.0,far+about+billion+been+allocated+from+to+to+support+of+v
b'RT @Actor_Vivek: Wrong news! Some one replaced the photo. It was originally Dr.Tun.M pic only. I m not a politician. But just a fan of Dr.M',0,0,-0.5,0.75,news+one+replaced+the+photo+originally+pic+only+m+not+a+politician+just+a+fan+of
b'RT @TheRakyatRasmi: Pembangkang licik lari ke tempat selamat - PM Najib - https://t.co/3kVm36ioIK #therakyat',1,0,-0.45,2.0,licik+lari+ke+tempat+selamat
b'RT @TheRakyatRasmi: Pembangkang licik lari ke tempat selamat - PM Najib - https://t.co/3kVm36ioIK #therakyat',1,0,-0.45,2.0,licik+lari+ke+tempat+selamat
"b'Thus far, about RM 40 billion has been allocated from 2008 to 2018 to support non-Islamic places of worships. \n\nA v https://t.co/0H4ItxiKiK'",1,1,0.3,2.0,far+about+billion+been+allocated+from+to+to+support+of+v
b'RT @meorizzulhaqim: @shafiq_amin96 @nano_napy @faisalmohd77 @john_saing @chedetofficial Najib keluar BN bermakna dalam lokap lah beliau. Ha',0,0,-0.2,1.0,shafiq_amin96+nano_napy+faisalmohd77+john_saing+chedetofficial+keluar+bermakna+dalam+lokap+lah+beliau
b'RT @Fred9Fareed: Sebab tu PRU 14 ni kita kena tolak UMNO dan PAS. Satu parti mainkan isu sentimen perkauman. Satu parti lagi mainkan isu se',0,0,-0.3,1.0,tu+ni+kita+kena+tolak+dan+parti+mainkan+isu+sentimen+perkauman+parti+lagi+mainkan+isu+se
b'RT @Actor_Vivek: Wrong news! Some one replaced the photo. It was originally Dr.Tun.M pic only. I m not a politician. But just a fan of Dr.M',0,0,-0.5,0.75,news+one+replaced+the+photo+originally+pic+only+m+not+a+politician+just+a+fan+of
b'RT @amirul_ashrafff: @TengkuRajaAlam1 @chedetofficial at least rakyat tak sakit waktu tun memerintah. najib? anak beranak kaya rakyat tak k',0,1,0.3,1.0,chedetofficial+at+least+rakyat+tak+sakit+waktu+tun mahathir+memerintah+najib+anak+beranak+kaya+rakyat+tak+k
b'RT @amirul_ashrafff: @TengkuRajaAlam1 @chedetofficial at least rakyat tak sakit waktu tun memerintah. najib? anak beranak kaya rakyat tak k',0,1,0.3,1.0,chedetofficial+at+least+rakyat+tak+sakit+waktu+tun mahathir+memerintah+najib+anak+beranak+kaya+rakyat+tak+k
"b'RT @yipsubri: Kalau Adnan still calon MB Pahang, aku doakan PH menang kat Pahang. Biar jadi macam Selangor. Macam-macam najib buat nak tari'",0,1,0.5,1.0,still+calon+aku+doakan+menang+kat+jadi+macam+najib+buat+nak+tari
"b'HALLUCINATE AT YOUR OWN PERIL: GE14 TURNING INTO AN ANTI-CLIMAX, CLAIMS PRO-NAJIB BLOG https://t.co/YsLKI2EDrl'",1,1,0,0,
b'RT @meorizzulhaqim: @shafiq_amin96 @nano_napy @faisalmohd77 @john_saing @chedetofficial Najib keluar BN bermakna dalam lokap lah beliau. Ha',0,0,-0.2,1.0,shafiq_amin96+nano_napy+faisalmohd77+john_saing+chedetofficial+keluar+bermakna+dalam+lokap+lah+beliau
b'Lemme rephrase your statement...PM Najib wasted no time to break EC law by announcing some cash handouts which is https://t.co/6zCSPITY7c',0,0,-0.2,1.0,b+me+rephrase+your+statement+wasted+no+time+to+break+law+by+announcing+some+cash+which+is
"b'RT @shafiq_amin96: @nano_napy @faisalmohd77 @john_saing @chedetofficial okay kita bgi second chance,nanti najib keluar BN,dia mengaku dia s'",0,1,1.0,0.5,shafiq_amin96+nano_napy+faisalmohd77+john_saing+chedetofficial+okay+kita+bgi+second+chance+nanti+najib+keluar+dia+mengaku+dia
b'RT @meorizzulhaqim: @shafiq_amin96 @nano_napy @faisalmohd77 @john_saing @chedetofficial Najib keluar BN bermakna dalam lokap lah beliau. Ha',0,0,-0.2,1.0,shafiq_amin96+nano_napy+faisalmohd77+john_saing+chedetofficial+keluar+bermakna+dalam+lokap+lah+beliau
b'RT @yindian5: Lemme rephrase your statement...PM Najib wasted no time to break EC law by announcing some cash handouts which is tantamount',0,0,-0.2,1.0,me+rephrase+your+statement+wasted+no+time+to+break+law+by+announcing+some+cash+which+is+tantamount
b'RT @TheRakyatRasmi: Pembangkang licik lari ke tempat selamat - PM Najib - https://t.co/3kVm36ioIK #therakyat',1,0,-0.45,2.0,licik+lari+ke+tempat+selamat
b'RT @amirul_ashrafff: @TengkuRajaAlam1 @chedetofficial at least rakyat tak sakit waktu tun memerintah. najib? anak beranak kaya rakyat tak k',0,1,0.3,1.0,chedetofficial+at+least+rakyat+tak+sakit+waktu+tun mahathir+memerintah+najib+anak+beranak+kaya+rakyat+tak+k
b'RT @TheRakyatRasmi: Pembangkang licik lari ke tempat selamat - PM Najib - https://t.co/3kVm36ioIK #therakyat',1,0,-0.45,2.0,licik+lari+ke+tempat+selamat
"b'RT @tapaimalaya: All we want is a Malaysian government, not a Malay government sprinkled with spices and soy sauce, so you can fuck off and'",0,1,0.6,1.0,we+want+is+a+government+not+a+government+sprinkled+with+and+soy+sauce+so+you+can+fuck+off+and
b'RT @Fred9Fareed: Sebab tu PRU 14 ni kita kena tolak UMNO dan PAS. Satu parti mainkan isu sentimen perkauman. Satu parti lagi mainkan isu se',0,0,-0.3,1.0,tu+ni+kita+kena+tolak+dan+parti+mainkan+isu+sentimen+perkauman+parti+lagi+mainkan+isu+se
b'RT @chedetofficial: Najib kata saya tak buat apa-apa pembangunan semasa saya jadi PM ? \n\nSaya setuju dengan dia.\n\nIni jawapan saya. https:/',0,0,-0.3,2.0,chedetofficial+kata+saya+tak+buat+apa-apa+pembangunan+semasa+saya+jadi+setuju+dengan+jawapan+saya
"b""RT @khalidkarim: I want PH to win cos;\n1)Only way to get to the bottom of the 1MDB story.\n2)Review of Najib's megaprojects can give us bett""",0,1,0.8,1.0,b+khalidkarim+want+to+win+n1+way+to+get+to+the+bottom+of+the+of+'s+megaprojects+can+give+bett
b'RT @amirulruslan: Bloomberg Businessweeks Najib cover is a masterpiece of layout design journalism. https://t.co/4U3zR5VVHp',0,1,0.5,1.0,cover+is+a+masterpiece+of+layout+design+journalism
b'Democratisation of education provides education access to people: Najib https://t.co/qh3woFW7ht https://t.co/acQJMJ35dR',1,1,0,0.0,of+education+provides+education+access+to+people
b'RT @napiez: Im gonna put my expectations low. BN to lose enough seats for UMNO to push Najib out. BN to win Ktan but lose Johor.',0,0,-0.024999999999999994,4.0,gon+na+put+my+low+to+lose+enough+for+to+push+out+to+win+but+lose
"b'RT @sabatinidzue: Suami ckp smlm masa Solat Jumaat\n\nHabis solat, Imam baca doa.\n\nDah elok bahasa Arab, tiba - tiba..\n\nYa Allah, bantulah D'",1,1,0.15,1.0,ckp+smlm+masa+solat+baca+elok+bahasa+tiba+bantulah
"b""RT @khalidkarim: I want PH to win cos;\n1)Only way to get to the bottom of the 1MDB story.\n2)Review of Najib's megaprojects can give us bett""",0,1,0.8,1.0,b+khalidkarim+want+to+win+n1+way+to+get+to+the+bottom+of+the+of+'s+megaprojects+can+give+bett
b'Jenis aku kalau Mahathir tak baik untuk this 5 years tukar la najib balik. Sebab depa akan try hard untuk memuaskan https://t.co/xudVIyhqAh',0,0,-0.1,2.0,aku+kalau+tak+baik+untuk+this+tukar+la+najib+balik+depa+akan+try+hard+untuk+memuaskan
b'RT @TheRakyatRasmi: Pembangkang licik lari ke tempat selamat - PM Najib - https://t.co/3kVm36ioIK #therakyat',1,0,-0.45,2.0,licik+lari+ke+tempat+selamat
"b'RT @syahredzan: Untuk PRU ini, walau parti manapun yang anda sokong, jika anda mahu lihat kerajaan baru, anda kena undi calon PH.\n\nSbg seor'",0,1,1.0,1.0,syahredzan+ini+walau+parti+manapun+yang+anda+sokong+jika+anda+mahu+lihat+kerajaan+baru+anda+kena+undi+calon+seor
b'RT @TheRakyatRasmi: Pembangkang licik lari ke tempat selamat - PM Najib - https://t.co/3kVm36ioIK #therakyat',1,0,-0.45,2.0,licik+lari+ke+tempat+selamat
b'RT @chedetofficial: Najib kata saya tak buat apa-apa pembangunan semasa saya jadi PM ? \n\nSaya setuju dengan dia.\n\nIni jawapan saya. https:/',0,0,-0.3,2.0,chedetofficial+kata+saya+tak+buat+apa-apa+pembangunan+semasa+saya+jadi+setuju+dengan+jawapan+saya
b'RT @chedetofficial: Najib kata saya tak buat apa-apa pembangunan semasa saya jadi PM ? \n\nSaya setuju dengan dia.\n\nIni jawapan saya. https:/',0,0,-0.3,2.0,chedetofficial+kata+saya+tak+buat+apa-apa+pembangunan+semasa+saya+jadi+setuju+dengan+jawapan+saya
b'RT @TheRakyatRasmi: Pembangkang licik lari ke tempat selamat - PM Najib - https://t.co/3kVm36ioIK #therakyat',1,0,-0.45,2.0,licik+lari+ke+tempat+selamat
"b""RT @limlipeng: It's official, I'm the parliamentary candidate for Kepong and need your votes to change the Najib's regime! #KitaMestiMenang""",0,0,-0.5,1.0,b+limlipeng+'s+official+'m+the+parliamentary+candidate+for+and+need+your+to+change+the+'s+regime
b'RT @bongkersz: Yang penting Najib bangga.\n\nhttps://t.co/H3x3CdheNY',1,1,0,0.0,penting
b'RT @deankadeer: @jebat_derhakar aku tanggung hutang yg mahathir buat dah 20 tahun.Byr tol dah 30 tahun.Najib tu anak murid Mahathir.Kau ing',1,1,0,0.0,jebat_derhakar+aku+tanggung+hutang+yg+tun mahathir+buat+dah+tol+dah+tu+anak+murid+ing
b'RT @Rah61mad: RT @sweetcakceebo: Media Luar Negara melaporkan Najib Razak sebagai Menteri Kewangan TERBAIK ASIA.. https://t.co/GsVghjoMKw',1,1,0,0.0,sweetcakceebo+melaporkan+sebagai
b'RT @amirul_ashrafff: @TengkuRajaAlam1 @chedetofficial at least rakyat tak sakit waktu tun memerintah. najib? anak beranak kaya rakyat tak k',0,1,0.3,1.0,chedetofficial+at+least+rakyat+tak+sakit+waktu+tun mahathir+memerintah+najib+anak+beranak+kaya+rakyat+tak+k
b'PRU14: Sering tukar kawasan pembangkang takikhlas-Najib https://t.co/OkrDbbqbI8 https://t.co/j0P2oK58sT',1,1,0,0.0,tukar+kawasan+pembangkang
b'RT @Fred9Fareed: Sebab tu PRU 14 ni kita kena tolak UMNO dan PAS. Satu parti mainkan isu sentimen perkauman. Satu parti lagi mainkan isu se',0,0,-0.3,1.0,tu+ni+kita+kena+tolak+dan+parti+mainkan+isu+sentimen+perkauman+parti+lagi+mainkan+isu+se
b'RT @bongkersz: Yang penting Najib bangga.\n\nhttps://t.co/H3x3CdheNY',1,1,0,0.0,penting
"b'RT @TheDukeofKL: Sejarah Hitam YB Khairy Jamaluddin Yang Tidak Diketahui Ramai\n\n1. Selepas kekalahan teruk BN dlm PRU12 pd 2008, berlaku de'",0,0,-0.4,2.0,kekalahan+teruk+dlm+pd+berlaku+de
b'@malaysiakini But I think NAJIB is the best of the best...',1,1,1.0,2.0,b+malaysiakini+think+is+the+best+of+the+best
b'Gelak penyangak  dan penipu https://t.co/uwvbKd9rY1',0,0,-1.0,1.0,penyangak+dan+penipu
"b'Wait a minute, tian chua was dq because he used to have a case at court which was settled and najibs name is in in https://t.co/U0urGgLvKR'",0,1,0,0.0,a+minute+tian+chua+dq+because+he+used+to+have+a+case+at+court+which+settled+and+najibs+name+is+in+in
b'RT @theSundaily: Democratisation of education provides education access to people: Najib https://t.co/qh3woFW7ht https://t.co/acQJMJ35dR',1,1,0,0.0,of+education+provides+education+access+to+people
b'RT @bongkersz: Yang penting Najib bangga.\n\nhttps://t.co/H3x3CdheNY',1,1,0,0.0,penting
"b'Retweeted Mohd Najib Tun Razak (@NajibRazak):\n\nSejak pembubaran Parlimen &amp; pelancaran #ManifestoBN, saya telah menj https://t.co/3ZGos4xcaH'",1,1,0,0.0,pembubaran+amp+pelancaran+saya+telah+menj
b'Retweeted Mohd Najib Tun Razak (@NajibRazak):\n\nSaya kongsi video sekitar penamaan calon bagi P.085 Pekan semalam. A https://t.co/nh4F8CTaX3',1,1,0,0.0,kongsi+video+sekitar+penamaan+calon+bagi+semalam
b'RT @AriffNizam: Sebarkan ini. \n\nUndi Wee Ka Siong = UNDI NAJIB &amp; ROSMAH. \n\nPangkah KEADILAN. #BinaHarapan https://t.co/VX9tUukMAl',0,1,0,0.0,ini+amp
"b'Retweeted Mohd Najib Tun Razak (@NajibRazak):\n\nDulu dia kutuk Anwar Ibrahim dahsyat dahsyat, saya nak sebut pun tak https://t.co/RXgszVp2A0'",1,1,0.8,2.0,dia+kutuk+dahsyat+dahsyat+saya+nak+sebut+pun+tak
"b'RT @faiizmdnoor: @mirchigo_ @ABGKYO Betapa teruknya najib sampai dia sanggup jilat balik ludah dia, see that way bro, how hard pemerintahan'",0,0,-0.4,2.0,mirchigo+teruknya+najib+sampai+dia+sanggup+jilat+balik+ludah+dia+see+that+way+bro+how+hard+pemerintahan
b'@SinghamIyer U meant still u believe that najib romba nallavu',0,1,0,0.0,b+meant+still+u+believe+that+najib+romba+nallavu
b'Retweeted Mohd Najib Tun Razak (@NajibRazak):\n\nSaya singgah buat lawatan mengejut ke bilik gerakan PDM Pasir Panjan https://t.co/mvpl3tyJfk',1,1,0,0.0,singgah+buat+lawatan+mengejut+ke+bilik+gerakan
b'RT @paulakahumbu: Pls join me in thanking CS Najib Balala @tunajibu 4 taking  swift &amp; public action on illegal development in #HellsGate it',1,0,-0.13333333333333333,3.0,join+me+in+thanking+tunajibu+taking+swift+amp+public+action+on+illegal+development+in+it
"b'Retweeted Mohd Najib Tun Razak (@NajibRazak):\n\nSekian lama Kit Siang kata kalau mereka berkuasa, mereka akan hadapk https://t.co/h4BjxP3TfU'",0,1,0,0.0,lama+kata+kalau+mereka+berkuasa+mereka+akan+hadapk
b'RT @bongkersz: Yang penting Najib bangga.\n\nhttps://t.co/H3x3CdheNY',1,1,0,0.0,penting
"b""Billboard with Najib's face all over Malaysia. Did people ever question how did BN paid for all of this. Big supple https://t.co/xHDhkxI1Yo""",0,1,0,0.0,b+with+'s+face+all+over+people+ever+question+how+did+paid+for+all+of+this+supple
"b'Retweeted Mohd Najib Tun Razak (@NajibRazak):\n\nTinjau operasi bilik gerakan DUN Bebar dan Peramu Jaya tadi, saya te https://t.co/s2csdapCeI'",1,1,0,0.0,operasi+bilik+gerakan+dan+tadi+saya+te
b'RT @TheRakyatRasmi: Pembangkang licik lari ke tempat selamat - PM Najib - https://t.co/3kVm36ioIK #therakyat',1,0,-0.45,2.0,licik+lari+ke+tempat+selamat
b'Retweeted Mohd Najib Tun Razak (@NajibRazak):\n\nPembangkang tak utamakan perkhidmatan kepada rakyat bila pilih calon https://t.co/V1ttMag8nn',1,1,0,0.0,tak+utamakan+perkhidmatan+kepada+rakyat+bila+pilih+calon
b'RT @bongkersz: Yang penting Najib bangga.\n\nhttps://t.co/H3x3CdheNY',1,1,0,0.0,penting
"b""RT @sarawak_report: Leaked KPMG report shows Najib ignored serious warnings when he pushed through FELDA's purchase of his pal's plantation""",0,0,-0.333333333,1.0,b+sarawak_report+report+ignored+serious+when+he+pushed+through+'s+purchase+of+his+pal+'s+plantation
"b'Retweeted Mohd Najib Tun Razak (@NajibRazak):\n\nRM200 sebulan selama 3 bulan, prihatinnya Kerajaan Barisan Nasional https://t.co/2ETcQvibkI'",1,1,0,0.0,sebulan+selama+bulan+prihatinnya
"b'RT @yipsubri: Kalau Adnan still calon MB Pahang, aku doakan PH menang kat Pahang. Biar jadi macam Selangor. Macam-macam najib buat nak tari'",0,1,0.5,1.0,still+calon+aku+doakan+menang+kat+jadi+macam+najib+buat+nak+tari
"b'Retweeted Mohd Najib Tun Razak (@NajibRazak):\n\nTerima kasih kpd anggota-anggota Polis, Rela dan semua pegawai bertu https://t.co/wVsPQ1c5WE'",1,1,0.2,1.0,terima kasih+kpd+anggota-anggota+dan+semua+pegawai+bertu
"b'RT @sabatinidzue: Suami ckp smlm masa Solat Jumaat\n\nHabis solat, Imam baca doa.\n\nDah elok bahasa Arab, tiba - tiba..\n\nYa Allah, bantulah D'",1,1,0.15,1.0,ckp+smlm+masa+solat+baca+elok+bahasa+tiba+bantulah
b'RT @TheRakyatRasmi: Pembangkang licik lari ke tempat selamat - PM Najib - https://t.co/3kVm36ioIK #therakyat',1,0,-0.45,2.0,licik+lari+ke+tempat+selamat
"b'IF #BN WINS, #NAJIB WILL SELL #LANGKAWI TO PAY DEBTS, SAYS DR #MAHATHIR\n\nRead the full story on #MalaysiaDecides: https://t.co/CxzvmHmkVK'",0,1,0.6363636363636362,0.55,the+full+story+on
b'RT @amirulruslan: Bloomberg Businessweeks Najib cover is a masterpiece of layout design journalism. https://t.co/4U3zR5VVHp',0,1,0.5,1.0,cover+is+a+masterpiece+of+layout+design+journalism
"b'RT @sabatinidzue: Suami ckp smlm masa Solat Jumaat\n\nHabis solat, Imam baca doa.\n\nDah elok bahasa Arab, tiba - tiba..\n\nYa Allah, bantulah D'",1,1,0.15,1.0,ckp+smlm+masa+solat+baca+elok+bahasa+tiba+bantulah
"b'RT @msiadecides: IF #BN WINS, #NAJIB WILL SELL #LANGKAWI TO PAY DEBTS, SAYS DR #MAHATHIR\n\nRead the full story on #MalaysiaDecides: https://'",0,1,0.6363636363636362,0.55,the+full+story+on
b'RT @TheRakyatRasmi: Pembangkang licik lari ke tempat selamat - PM Najib - https://t.co/3kVm36ioIK #therakyat',1,0,-0.45,2.0,licik+lari+ke+tempat+selamat
"b""you zhangjing did more for malaysia than najib razak don't @ me""",0,1,0,0.0,b+you+zhangjing+did+more+for+malaysia+than+najib+razak+do+me
"b'RT @Abam_Win: #undinegaraku Drama minta simpati. Kedai roti lingkup la, ada orang sabotaj la. Pasal pesawat kena sabotaj tu, rupanya tayar'",0,0,-0.46666666666666673,3.0,undinegaraku+minta+simpati+roti+lingkup+la+ada+orang+sabotaj+la+pesawat+kena+sabotaj+tu+rupanya+tayar
"b'RT @Abam_Win: #undinegaraku Drama minta simpati. Kedai roti lingkup la, ada orang sabotaj la. Pasal pesawat kena sabotaj tu, rupanya tayar'",0,0,-0.46666666666666673,3.0,undinegaraku+minta+simpati+roti+lingkup+la+ada+orang+sabotaj+la+pesawat+kena+sabotaj+tu+rupanya+tayar
b'RT @amirulruslan: Bloomberg Businessweeks Najib cover is a masterpiece of layout design journalism. https://t.co/4U3zR5VVHp',0,1,0.5,1.0,cover+is+a+masterpiece+of+layout+design+journalism
"b""Saya setuju dengan Dato' Seri Najib, hebat sungguh negaraku.\n\n1. 1MDB: Skandal kewangangan terbesar dalam sejarah d https://t.co/1qZuEXiXC9""",0,0,-0.2,2.0,b+setuju+dengan+hebat+sungguh+kewangangan+terbesar+dalam+sejarah hitam+d
"b""Saya setuju dengan Dato' Seri Najib, hebat sungguh negaraku.\n\n1. 1MDB: Skandal kewangangan terbesar dalam sejarah d https://t.co/KVc9O50AtZ""",0,0,-0.2,2.0,b+setuju+dengan+hebat+sungguh+kewangangan+terbesar+dalam+sejarah hitam+d
"b'RT @Abam_Win: #undinegaraku Drama minta simpati. Kedai roti lingkup la, ada orang sabotaj la. Pasal pesawat kena sabotaj tu, rupanya tayar'",0,0,-0.46666666666666673,3.0,undinegaraku+minta+simpati+roti+lingkup+la+ada+orang+sabotaj+la+pesawat+kena+sabotaj+tu+rupanya+tayar
"b'RT @Abam_Win: #undinegaraku Drama minta simpati. Kedai roti lingkup la, ada orang sabotaj la. Pasal pesawat kena sabotaj tu, rupanya tayar'",0,0,-0.46666666666666673,3.0,undinegaraku+minta+simpati+roti+lingkup+la+ada+orang+sabotaj+la+pesawat+kena+sabotaj+tu+rupanya+tayar
"b""Saya setuju dengan Dato' Seri Najib, hebat sungguh negaraku.\n\n1. 1MDB: Skandal kewangangan terbesar dalam sejarah d https://t.co/14lgL20BwL""",0,0,-0.2,2.0,b+setuju+dengan+hebat+sungguh+kewangangan+terbesar+dalam+sejarah hitam+d
"b""Saya setuju dengan Dato' Seri Najib, hebat sungguh negaraku.\n\n1. 1MDB: Skandal kewangangan terbesar dalam sejarah d https://t.co/BOTjhOD40l""",0,0,-0.2,2.0,b+setuju+dengan+hebat+sungguh+kewangangan+terbesar+dalam+sejarah hitam+d
"b'RT @sabatinidzue: Suami ckp smlm masa Solat Jumaat\n\nHabis solat, Imam baca doa.\n\nDah elok bahasa Arab, tiba - tiba..\n\nYa Allah, bantulah D'",1,1,0.15,1.0,ckp+smlm+masa+solat+baca+elok+bahasa+tiba+bantulah
"b'RT @Abam_Win: #undinegaraku Drama minta simpati. Kedai roti lingkup la, ada orang sabotaj la. Pasal pesawat kena sabotaj tu, rupanya tayar'",0,0,-0.46666666666666673,3.0,undinegaraku+minta+simpati+roti+lingkup+la+ada+orang+sabotaj+la+pesawat+kena+sabotaj+tu+rupanya+tayar
b'RT @TheRakyatRasmi: Pembangkang licik lari ke tempat selamat - PM Najib - https://t.co/3kVm36ioIK #therakyat',1,0,-0.45,2.0,licik+lari+ke+tempat+selamat
"b""Saya setuju dengan Dato' Seri Najib, hebat sungguh negaraku.\n\n1. 1MDB: Skandal kewangangan terbesar dalam sejarah d https://t.co/iSk3BTFi2u""",0,0,-0.2,2.0,b+setuju+dengan+hebat+sungguh+kewangangan+terbesar+dalam+sejarah hitam+d
"b""Saya setuju dengan Dato' Seri Najib, hebat sungguh negaraku.\n\n1. 1MDB: Skandal kewangangan terbesar dalam sejarah d https://t.co/qepSxfn0oS""",0,0,-0.2,2.0,b+setuju+dengan+hebat+sungguh+kewangangan+terbesar+dalam+sejarah hitam+d
"b""RT @khalidkarim: I want PH to win cos;\n1)Only way to get to the bottom of the 1MDB story.\n2)Review of Najib's megaprojects can give us bett""",0,1,0.8,1.0,b+khalidkarim+want+to+win+n1+way+to+get+to+the+bottom+of+the+of+'s+megaprojects+can+give+bett
"b'RT @Abam_Win: #undinegaraku Drama minta simpati. Kedai roti lingkup la, ada orang sabotaj la. Pasal pesawat kena sabotaj tu, rupanya tayar'",0,0,-0.46666666666666673,3.0,undinegaraku+minta+simpati+roti+lingkup+la+ada+orang+sabotaj+la+pesawat+kena+sabotaj+tu+rupanya+tayar
b'RT @NaufalAntezem: Replace Najib with Tok Mat of Negeri Sembilan. Easy win for BN.',0,1,0.8,1.0,with+of+win+for
"b""RT @fuziah99: Saya setuju dengan Dato' Seri Najib, hebat sungguh negaraku.\n\n1. 1MDB: Skandal kewangangan terbesar dalam sejarah dunia\n2. Pe""",0,0,-0.2,2.0,b+fuziah99+setuju+dengan+hebat+sungguh+kewangangan+terbesar+dalam+sejarah hitam
"b""RT @NajibRazak: Read YAB PM Najib Razak's interview with Bloomberg on Malaysia's relationship with China and the United States - Admin\n\nhtt""",1,1,0,0.0,b+'s+interview+with+on+'s+relationship+with+and+the
"b'Perdana Menteri yang juga Calon BN Parlimen P085 Pekan, Datuk Seri Najib Razak bersama Isteri, Datin Seri Rosmah Ma https://t.co/1sMmBhDHSR'",1,1,0,0.0,yang+juga+bersama
b'Diharap macai2 Najib faham apa yang Tun M nyatakan @BetterNation3 @va_dig bangang @1rmfs kantoi @macai2 BN sekalian https://t.co/ZUQoUPfTr4',0,1,0,0.0,macai2+faham+apa+yang+nyatakan+va_dig+bangang+1rmfs+kantoi+macai2+sekalian
"b'Caretaker government promising cash handouts is a clear campaign VIOLATION, is it not? Or does UMNO dance to the tu https://t.co/bw3ZFsqJKn'",0,0,-0.15000000000000002,2.0,government+promising+cash+is+a+clear+campaign+is+it+not+dance+to+the+tu
b'RT @meorizzulhaqim: @shafiq_amin96 @nano_napy @faisalmohd77 @john_saing @chedetofficial Najib keluar BN bermakna dalam lokap lah beliau. Ha',0,0,-0.2,1.0,shafiq_amin96+nano_napy+faisalmohd77+john_saing+chedetofficial+keluar+bermakna+dalam+lokap+lah+beliau
"b""RT @khalidkarim: I want PH to win cos;\n1)Only way to get to the bottom of the 1MDB story.\n2)Review of Najib's megaprojects can give us bett""",0,1,0.8,1.0,b+khalidkarim+want+to+win+n1+way+to+get+to+the+bottom+of+the+of+'s+megaprojects+can+give+bett
b'RT @chedetofficial: Najib kata saya tak buat apa-apa pembangunan semasa saya jadi PM ? \n\nSaya setuju dengan dia.\n\nIni jawapan saya. https:/',0,0,-0.3,2.0,chedetofficial+kata+saya+tak+buat+apa-apa+pembangunan+semasa+saya+jadi+setuju+dengan+jawapan+saya
"b'@IsmailSabri60 Kalau YB nak terus kekal secara terhormat dlm pemerintahan akan dtg, pastikan semua @umnomalaysia https://t.co/qJxH7bKfBu'",1,1,0.1,1.0,b+nak+terus+kekal+secara+terhormat+dlm+pemerintahan+akan+dtg+pastikan+semua+umnomalaysia
"b'RT @bharianmy: Perdana Menteri yang juga calon BN Parlimen P.085 Pekan,  Datuk Seri Najib Razak penuh ceria tiba di Majlis Sambutan Hari gu'",1,1,0.6,1.0,yang+juga+calon+penuh+ceria+tiba+di+gu
b'Najib sedang sebok berkempen dan bercakap...\n\nPerlu di ingat....\n\nBila dia bercakap itu bermakna dia sedang menipu. https://t.co/wRPAnlscAY',0,0,-0.6,1.0,sedang+sebok+berkempen+dan+bercakap+di+ingat+dia+bercakap+itu+bermakna+dia+sedang+menipu
"b'PM yang juga Calon BN Parlimen P085 Pekan, Datuk Seri Najib Razak bersama Isteri, Datin Seri Rosmah Mansor  hadir d https://t.co/x2LMlP10ir'",1,1,0,0.0,yang+juga+bersama+hadir+d
b'RT @amirulruslan: Bloomberg Businessweeks Najib cover is a masterpiece of layout design journalism. https://t.co/4U3zR5VVHp',0,1,0.5,1.0,cover+is+a+masterpiece+of+layout+design+journalism
b'Najib razak ni tak pernah mandi wajib lagi ke? Asal mcm tak cukup umur je dia ni em',0,1,0,0.0,razak+ni+tak+pernah+mandi+wajib+lagi+ke+mcm+tak+cukup+umur+je+dia+ni+em
b'Democratisation of education provides education access to people - Najib - https://t.co/K6oCUQXHy0 https://t.co/euHB9Un5re',1,1,0,0.0,of+education+provides+education+access+to+people
"b'RT @syahredzan: Untuk PRU ini, walau parti manapun yang anda sokong, jika anda mahu lihat kerajaan baru, anda kena undi calon PH.\n\nSbg seor'",0,1,1.0,1.0,syahredzan+ini+walau+parti+manapun+yang+anda+sokong+jika+anda+mahu+lihat+kerajaan+baru+anda+kena+undi+calon+seor
"b""RT @randommidageman: @MelGohCNA Seriously. Malaysians should be ashamed of Najib's behavior. It seems he thinks the only way for him to be""",0,0,-0.2,1.0,b+randommidageman+should+be+ashamed+of+'s+behavior+seems+he+the+only+way+for+him+to+be
"b'RT @walski69: Caretaker government promising cash handouts is a clear campaign VIOLATION, is it not? Or does UMNO dance to the tune of thei'",0,0,-0.15000000000000002,2.0,government+promising+cash+is+a+clear+campaign+is+it+not+dance+to+the+tune+of+thei
b'RT @Actor_Vivek: Wrong news! Some one replaced the photo. It was originally Dr.Tun.M pic only. I m not a politician. But just a fan of Dr.M',0,0,-0.5,0.75,news+one+replaced+the+photo+originally+pic+only+m+not+a+politician+just+a+fan+of
"b'Najib: Because of BN, quality education available to all https://t.co/rasc8MCC6I https://t.co/ryxBREkNew'",1,1,0.4,1.0,of+quality+education+available+to+all
b'Violating campaign rules? Nyehnyehnyehnyehnyeh. You cannot catch me. https://t.co/rGKmxAdvdD',0,1,0,0.0,campaign+can+not+catch+me
b'@khalidismath @_Vonherig03 @znazrE3n @Ibnuwaled Lol kami di selangor cukup bersyukur. Air free wifi free bas free b https://t.co/DMMmdv5I5Y',0,1,0.5,2.4000000000000004,b+khalidismath+kami+di+selangor+cukup+bersyukur+free+wifi+free+free+b
"b'RT @SumishaCNA: Chants of ""Reformasi"" as Pakatan &amp; Dr Mahathir supporters arrive at nomination centre. ""Reformasi"" means ""reformation"". But'",0,0,-0.5,1.0,of+amp+arrive+at+nomination+centre+reformation
b'RT @bongkersz: Yang penting Najib bangga.\n\nhttps://t.co/H3x3CdheNY',1,1,0,0.0,penting
b'RT @yindian5: Lemme rephrase your statement...PM Najib wasted no time to break EC law by announcing some cash handouts which is tantamount',0,0,-0.2,1.0,me+rephrase+your+statement+wasted+no+time+to+break+law+by+announcing+some+cash+which+is+tantamount
"b'RT @shafiq_amin96: @nano_napy @faisalmohd77 @john_saing @chedetofficial okay kita bgi second chance,nanti najib keluar BN,dia mengaku dia s'",0,1,1.0,0.5,shafiq_amin96+nano_napy+faisalmohd77+john_saing+chedetofficial+okay+kita+bgi+second+chance+nanti+najib+keluar+dia+mengaku+dia
"b'Unfortunately, quality education did not teach Najib not to steal from the nation. #wastededucation https://t.co/kmnNFO9XAB'",0,1,0.5,1.0,quality+education+did+not+teach+not+to+steal+from+the+nation+wastededucation
b'RT @AriffNizam: Sebarkan ini. \n\nUndi Wee Ka Siong = UNDI NAJIB &amp; ROSMAH. \n\nPangkah KEADILAN. #BinaHarapan https://t.co/VX9tUukMAl',0,1,0,0.0,ini+amp
b'RT @TheRakyatRasmi: Pembangkang licik lari ke tempat selamat - PM Najib - https://t.co/3kVm36ioIK #therakyat',1,0,-0.45,2.0,licik+lari+ke+tempat+selamat
b'RT @kicap_manisnya: @__farahx @SyedSaddiq Cina tak boleh memerintah sbb dalam perlembagaan hanya melayu islam je boleh jadi perdana menteri',1,0,-0.3,2.0,farahx+tak+boleh+memerintah+sbb+dalam+perlembagaan+hanya+melayu+islam+je+boleh+jadi+perdana+menteri
"b'RT @Abam_Win: #undinegaraku Drama minta simpati. Kedai roti lingkup la, ada orang sabotaj la. Pasal pesawat kena sabotaj tu, rupanya tayar'",0,0,-0.46666666666666673,3.0,undinegaraku+minta+simpati+roti+lingkup+la+ada+orang+sabotaj+la+pesawat+kena+sabotaj+tu+rupanya+tayar
b'@advmsymy Hmmm tak mampu dpt rm500 mcm melaka bagi kau. Ni pun Najib bagi rm300 huhu',0,0,-0.3,1.0,b+advmsymy+tak+mampu+dpt+rm500+mcm+melaka+bagi+kau+pun+bagi+rm300+huhu
b'RT @chedetofficial: Najib kata saya tak buat apa-apa pembangunan semasa saya jadi PM ? \n\nSaya setuju dengan dia.\n\nIni jawapan saya. https:/',0,0,-0.3,2.0,chedetofficial+kata+saya+tak+buat+apa-apa+pembangunan+semasa+saya+jadi+setuju+dengan+jawapan+saya
"b'I beg to differ Bro, so many schools are in bad shape, in terrible shape if I may. https://t.co/k45Y1ZZ1OS'",0,0,-0.39999999999999997,3.0,beg+to+differ+so+many+are+in+bad+shape+in+terrible+shape+if+may
b'seriously najib ajak gaduh mcm budak skolah bgaduh. #pangkahlahdenganbijak https://t.co/cYjlbcsQrd',0,1,0,0.0,najib+ajak+gaduh+mcm+budak+skolah+bgaduh+pangkahlahdenganbijak
b'RT @MelGohCNA: Pekan incumbent Najib Razak urges army personnel to join him in the fight against fake news . Mr Najib is #oncampaigntrail i',1,0,-0.3,2.0,incumbent+army+personnel+to+join+him+in+the+fight+against+fake+news+is+oncampaigntrail+i
b'RT @mantomJHR: berpuluh tahun cakap PAS sesat tapi tetiba skrg sanggup cium mulut ngan PAS...x takut jadi sesat/kafir ke https://t.co/yDAcN',0,1,0.4,1.0,berpuluh+tahun+cakap+sesat+tapi+tetiba+skrg+sanggup+cium+mulut+ngan+x+takut+jadi+sesat/kafir+ke
"b'Idk man, thats like, ummm your responsibility as the government? One more thing, the flip-flops of educational poli https://t.co/TDTzXlPpkP'",0,1,0.25,1.0,man+thats+like+ummm+your+responsibility+the+government+more+thing+the+of+educational+poli
b'On #Najib giving loads of #money during the #election campaign. \n\n#TolakPencuri #undurNajib #KalahkanPenipuan https://t.co/4VecqLNnub',0,1,0,0.0,giving+of+money+during+the+election+campaign
b'RT @anakusazalie: @youngsyefura @IbrahimRamli Permainan kotor ini akan sentiasa berlaku. Kita cuma boleh menang kalau kita pastikan gelomba',0,1,0.09999999999999999,3.0,youngsyefura+kotor+ini+akan+sentiasa+berlaku+cuma+boleh+menang+kalau+kita+pastikan+gelomba
b'@NajibRazak Hoi Najib...mana pegi macai2 kamu...ayat macai ko guna ke ...mencacaikan diri kikiki...sudah ketaq laa tuuuuuu...',0,1,0,0.0,b+mana+pegi+macai2+kamu+ayat+macai+ko+guna+ke+mencacaikan+diri+kikiki+sudah+ketaq+laa+tuuuuuu
"b'You mean the questionable quality of indoctrination camouflaged as ""education""? Yes, credit to UMNO &amp; Lain-Lain ind https://t.co/LqMveqQJLJ'",0,0,-0.40625,2.0,mean+the+questionable+quality+of+indoctrination+camouflaged+education+credit+to+amp+ind
b'Najib is a coward and will always be a coward. A coward will use any cowardly way to win his battle. Dont be surpr https://t.co/QY0ytoGNsb',0,1,0.04999999999999999,4.0,is+a+coward+and+will+always+be+a+coward+coward+will+use+any+cowardly+way+to+win+his+battle+be+surpr
b'@MelGohCNA Najib good pm',1,1,0.7,1.0,b+good+pm
